"alpha","eta","delta","compatible","minimum_canonical_coordinate","bootstrap_compatibility_fraction","minimum_coordinate_ci_lower","minimum_coordinate_ci_upper","compatibility_inference","design_id"
0,0,0,TRUE,0.00144459064519382,1,0.000975696006514416,0.00223053383541479,"certified_compatible","C1_M2_T4"
0.0025,0,0,TRUE,0.00141493407549841,1,0.00101123898893376,0.00228757931123753,"certified_compatible","C1_M2_T4"
0.005,0,0,TRUE,0.00138497794449294,0.999,0.00107842668006991,0.00237432800649546,"certified_compatible","C1_M2_T4"
0.01,0,0,TRUE,0.000870188530853828,0.958,0.000382967473046002,0.0018079459437858,"certified_compatible","C1_M2_T4"
0.02,0,0,FALSE,-0.000361045217768635,0.174,-0.00119312372695823,0.000578258174675059,"indeterminate","C1_M2_T4"
0.05,0,0,FALSE,-0.00530542987438714,0,-0.00661685401812029,-0.0033952283790501,"rejected","C1_M2_T4"
0,0.0025,0,TRUE,0.00144360457344065,1,0.000987533580246458,0.00223193710505582,"certified_compatible","C1_M2_T4"
0.0025,0.0025,0,TRUE,0.00141422283593779,1,0.00102833797115975,0.00228829157733342,"certified_compatible","C1_M2_T4"
0.005,0.0025,0,TRUE,0.00138454431320762,0.999,0.0010931402975703,0.00237946582246893,"certified_compatible","C1_M2_T4"
0.01,0.0025,0,TRUE,0.000847278077813207,0.955,0.000366487521854118,0.00177178793888128,"certified_compatible","C1_M2_T4"
0.02,0.0025,0,FALSE,-0.000385831948944527,0.158,-0.00121652716358164,0.000556512160776558,"indeterminate","C1_M2_T4"
0.05,0.0025,0,FALSE,-0.00538324816923024,0,-0.00671811417382784,-0.00346725552272504,"rejected","C1_M2_T4"
0,0.005,0,TRUE,0.00144260854136674,1,0.00101646329423875,0.00224272079043864,"certified_compatible","C1_M2_T4"
0.0025,0.005,0,TRUE,0.00141350441213918,1,0.00105306878717131,0.00229629793130553,"certified_compatible","C1_M2_T4"
0.005,0.005,0,TRUE,0.00138410630180831,0.999,0.00112411629118796,0.00239084111077653,"certified_compatible","C1_M2_T4"
0.01,0.005,0,TRUE,0.000824136206055005,0.953,0.000340316931148488,0.00176055004315936,"certified_compatible","C1_M2_T4"
0.02,0.005,0,FALSE,-0.000410869051142398,0.15,-0.00124065545713685,0.000534546490172013,"indeterminate","C1_M2_T4"
0.05,0.005,0,FALSE,-0.00546185250745558,0,-0.00680872261847951,-0.00354713484894033,"rejected","C1_M2_T4"
0,0.01,0,TRUE,0.00144058598644116,1,0.00106739271170815,0.00228551322324268,"certified_compatible","C1_M2_T4"
0.0025,0.01,0,TRUE,0.0014120455719767,1,0.00109936811772296,0.00236367272942877,"certified_compatible","C1_M2_T4"
0.005,0.01,0,TRUE,0.00137780039441905,0.997,0.00115823345855904,0.00246677229969704,"certified_compatible","C1_M2_T4"
0.01,0.01,0,TRUE,0.000777144037892941,0.943,0.000316109892355838,0.00170998588513383,"certified_compatible","C1_M2_T4"
0.02,0.01,0,FALSE,-0.000461709697442156,0.123,-0.00128941487221578,0.000489942730475026,"indeterminate","C1_M2_T4"
0.05,0.01,0,FALSE,-0.00562146743915807,0,-0.00705758280982991,-0.00369126421303298,"rejected","C1_M2_T4"
0,0.02,0,TRUE,0.00143641446690714,0.997,0.00114597783438167,0.00245845991767837,"certified_compatible","C1_M2_T4"
0.0025,0.02,0,TRUE,0.00130046785080744,0.996,0.00097310806857604,0.00235397275728357,"certified_compatible","C1_M2_T4"
0.005,0.02,0,TRUE,0.00114073352418307,0.984,0.000796961545969322,0.00221085058692439,"certified_compatible","C1_M2_T4"
0.01,0.02,0,TRUE,0.000680222691058685,0.877,0.00020797371241988,0.00169474571527908,"certified_compatible","C1_M2_T4"
0.02,0.02,0,FALSE,-0.000566568530435408,0.082,-0.00135826107794595,0.000394261334062102,"indeterminate","C1_M2_T4"
0.05,0.02,0,FALSE,-0.00595067323579444,0,-0.00751497296327816,-0.00400199712072596,"rejected","C1_M2_T4"
0,0.05,0,TRUE,0.000408034777441646,0.745,-0.000429297106095177,0.00152633589760536,"indeterminate","C1_M2_T4"
0.0025,0.05,0,TRUE,0.000252781969438007,0.654,-0.000628775487587599,0.00137197450847648,"indeterminate","C1_M2_T4"
0.005,0.05,0,TRUE,9.59609512525121e-05,0.555,-0.000833657767866777,0.00120369680006307,"indeterminate","C1_M2_T4"
0.01,0.05,0,FALSE,-0.000222481728532318,0.294,-0.00115102052760466,0.00089378380335743,"indeterminate","C1_M2_T4"
0.02,0.05,0,FALSE,-0.000909107384880031,0.011,-0.00159548513853907,0.000260430262514525,"indeterminate","C1_M2_T4"
0.05,0.05,0,FALSE,-0.00702607883813994,0,-0.00889767944360497,-0.00497932755036017,"rejected","C1_M2_T4"
0,0,0.0025,TRUE,0.00125658645921243,1,0.000737592201435927,0.00199513667398532,"certified_compatible","C1_M2_T4"
0.0025,0,0.0025,TRUE,0.0012287862885421,1,0.00076453830897398,0.0020068957570522,"certified_compatible","C1_M2_T4"
0.005,0,0.0025,TRUE,0.00120070530806702,0.999,0.000805435971194242,0.00205911374619066,"certified_compatible","C1_M2_T4"
0.01,0,0.0025,TRUE,0.000856159875293348,0.956,0.000428591510317576,0.00179878114250708,"certified_compatible","C1_M2_T4"
0.02,0,0.0025,FALSE,-0.000374840250640807,0.168,-0.00119823288076446,0.00057126001194403,"indeterminate","C1_M2_T4"
0.05,0,0.0025,FALSE,-0.00532777845103427,0,-0.00664517090316383,-0.00340499146240975,"rejected","C1_M2_T4"
0,0.0025,0.0025,TRUE,0.00125516928628965,1,0.000743654466114847,0.00199373896984515,"certified_compatible","C1_M2_T4"
0.0025,0.0025,0.0025,TRUE,0.00122764461566395,1,0.000780347082742414,0.00202759766949029,"certified_compatible","C1_M2_T4"
0.005,0.0025,0.0025,TRUE,0.00119984191806224,0.999,0.000816916391669636,0.00206708011339064,"certified_compatible","C1_M2_T4"
0.01,0.0025,0.0025,TRUE,0.00083344770638205,0.953,0.000406006464516703,0.00176109391279968,"certified_compatible","C1_M2_T4"
0.02,0.0025,0.0025,FALSE,-0.000399438731243818,0.157,-0.00122472029998525,0.000548680521785949,"indeterminate","C1_M2_T4"
0.05,0.0025,0.0025,FALSE,-0.00540591503308809,0,-0.00674860474278887,-0.00347291185090866,"rejected","C1_M2_T4"
0,0.005,0.0025,TRUE,0.00125373779848887,1,0.000765783002963758,0.00200979672737824,"certified_compatible","C1_M2_T4"
0.0025,0.005,0.0025,TRUE,0.00122649141073653,1,0.000798914089807883,0.00202912605639942,"certified_compatible","C1_M2_T4"
0.005,0.005,0.0025,TRUE,0.00119896980694629,0.999,0.000836346772328235,0.00207166657280384,"certified_compatible","C1_M2_T4"
0.01,0.005,0.0025,TRUE,0.000810506121623162,0.95,0.000389484037665418,0.00175524714541353,"certified_compatible","C1_M2_T4"
0.02,0.005,0.0025,FALSE,-0.00042428568134787,0.146,-0.00125878680839579,0.000526557246664888,"indeterminate","C1_M2_T4"
0.05,0.005,0.0025,FALSE,-0.00548484087354651,0,-0.00683785025698009,-0.0035559334149456,"rejected","C1_M2_T4"
0,0.01,0.0025,TRUE,0.00125083100183218,1,0.000798323015792638,0.00200998308096923,"certified_compatible","C1_M2_T4"
0.0025,0.01,0.0025,TRUE,0.00122414969869004,1,0.000842830385218339,0.002054738920022,"certified_compatible","C1_M2_T4"
0.005,0.01,0.0025,TRUE,0.00119719888743534,0.997,0.000883997688686141,0.00212436700300308,"certified_compatible","C1_M2_T4"
0.01,0.01,0.0025,TRUE,0.000763920658694402,0.937,0.000360855990971744,0.00170006581294138,"certified_compatible","C1_M2_T4"
0.02,0.01,0.0025,FALSE,-0.000474740202477526,0.121,-0.00130580667118048,0.000482647436031061,"indeterminate","C1_M2_T4"
0.05,0.01,0.0025,FALSE,-0.00564510865162023,0,-0.00708874210315026,-0.00370135503743423,"rejected","C1_M2_T4"
0,0.02,0.0025,TRUE,0.00124483573372776,0.997,0.000892187577352753,0.00211298563274363,"certified_compatible","C1_M2_T4"
0.0025,0.02,0.0025,TRUE,0.00121931991759414,0.995,0.0009234097812283,0.00221942912542499,"certified_compatible","C1_M2_T4"
0.005,0.02,0.0025,TRUE,0.0011268215549816,0.982,0.000832915047056936,0.00220820951056065,"certified_compatible","C1_M2_T4"
0.01,0.02,0.0025,TRUE,0.000667838141403834,0.87,0.000278231403610466,0.00169237249642203,"certified_compatible","C1_M2_T4"
0.02,0.02,0.0025,FALSE,-0.000578802652307441,0.081,-0.00137313631691758,0.000385285823954482,"indeterminate","C1_M2_T4"
0.05,0.02,0.0025,FALSE,-0.00597566094389727,0,-0.00755208916742612,-0.00401191605376619,"rejected","C1_M2_T4"
0,0.05,0.0025,TRUE,0.000386486280121391,0.733,-0.000374243179774308,0.00151787299268511,"indeterminate","C1_M2_T4"
0.0025,0.05,0.0025,TRUE,0.000232706913401368,0.644,-0.000603108485395422,0.00135892303201955,"indeterminate","C1_M2_T4"
0.005,0.05,0.0025,TRUE,7.73742197447784e-05,0.542,-0.000766420536224506,0.00119792556615059,"indeterminate","C1_M2_T4"
0.01,0.05,0.0025,FALSE,-0.000238046250027275,0.288,-0.00113308363920633,0.000886543402126825,"indeterminate","C1_M2_T4"
0.02,0.05,0.0025,FALSE,-0.000918739988418499,0.009,-0.00160382196888968,0.000262447472438957,"indeterminate","C1_M2_T4"
0.05,0.05,0.0025,FALSE,-0.00705546509866893,0,-0.00894282603357351,-0.0049923641033314,"rejected","C1_M2_T4"
0,0,0.005,TRUE,0.00106474545310896,0.999,0.000446524770513389,0.0017627583884188,"certified_compatible","C1_M2_T4"
0.0025,0,0.005,TRUE,0.00103883956715811,0.998,0.000520867424995835,0.00176714804101262,"certified_compatible","C1_M2_T4"
0.005,0,0.005,TRUE,0.00101267200559159,0.998,0.000547912242698376,0.00179031984214147,"certified_compatible","C1_M2_T4"
0.01,0,0.005,TRUE,0.000841844920639797,0.954,0.000447122214408789,0.00179197509779011,"certified_compatible","C1_M2_T4"
0.02,0,0.005,FALSE,-0.000388916814796085,0.161,-0.00119961370187442,0.000564190440203625,"indeterminate","C1_M2_T4"
0.05,0,0.005,FALSE,-0.00535058312108235,0,-0.00667406568382051,-0.00341501622528915,"rejected","C1_M2_T4"
0,0.0025,0.005,TRUE,0.00106288838103353,0.999,0.000475744855017388,0.00176204829963092,"certified_compatible","C1_M2_T4"
0.0025,0.0025,0.005,TRUE,0.00103725867660902,0.998,0.000539992621651688,0.00176725269563052,"certified_compatible","C1_M2_T4"
0.005,0.0025,0.005,TRUE,0.00101137008628123,0.998,0.000569617400195079,0.00179217052388584,"certified_compatible","C1_M2_T4"
0.01,0.0025,0.005,TRUE,0.000819335082472705,0.95,0.000440449253232344,0.00176876921685299,"certified_compatible","C1_M2_T4"
0.02,0.0025,0.005,FALSE,-0.000413323202977789,0.151,-0.0012294606197876,0.000542787603164215,"indeterminate","C1_M2_T4"
0.05,0.0025,0.005,FALSE,-0.00542904448600428,0,-0.00677733942059792,-0.00348309757830427,"rejected","C1_M2_T4"
0,0.005,0.005,TRUE,0.00106101255065431,0.999,0.000493205932582912,0.00176676364400606,"certified_compatible","C1_M2_T4"
0.0025,0.005,0.005,TRUE,0.00103566181746853,0.998,0.000558283105286081,0.00177092970980956,"certified_compatible","C1_M2_T4"
0.005,0.005,0.005,TRUE,0.00101005501627077,0.998,0.000581240759288135,0.0017936612432161,"certified_compatible","C1_M2_T4"
0.01,0.005,0.005,TRUE,0.000796597872202915,0.949,0.000421280322138075,0.00175024921405611,"certified_compatible","C1_M2_T4"
0.02,0.005,0.005,FALSE,-0.000437976120333046,0.14,-0.00126458724055939,0.000520101459979701,"indeterminate","C1_M2_T4"
0.05,0.005,0.005,FALSE,-0.00550829838996582,0,-0.00687302667745146,-0.0035613251701353,"rejected","C1_M2_T4"
0,0.01,0.005,TRUE,0.0010572034665169,0.999,0.000528838780574243,0.00177766745330507,"certified_compatible","C1_M2_T4"
0.0025,0.01,0.005,TRUE,0.00103241921574446,0.998,0.00057293977918616,0.00178890825448266,"certified_compatible","C1_M2_T4"
0.005,0.01,0.005,TRUE,0.00100738461900462,0.994,0.000622306245799341,0.00182758187852846,"certified_compatible","C1_M2_T4"
0.01,0.01,0.005,TRUE,0.00075042741461426,0.932,0.000379060581919052,0.00170699419886185,"certified_compatible","C1_M2_T4"
0.02,0.01,0.005,FALSE,-0.000488036636187087,0.118,-0.00129420871266758,0.000472807986886737,"indeterminate","C1_M2_T4"
0.05,0.01,0.005,FALSE,-0.0056692323378061,0,-0.00712053730041593,-0.00371165179702736,"rejected","C1_M2_T4"
0,0.02,0.005,TRUE,0.0010493472304835,0.996,0.000625951129761276,0.00184333709783547,"certified_compatible","C1_M2_T4"
0.0025,0.02,0.005,TRUE,0.00102573134968857,0.992,0.00067382771490495,0.001876184673635,"certified_compatible","C1_M2_T4"
0.005,0.02,0.005,TRUE,0.00100187692464319,0.979,0.000705180766443603,0.00198269640431306,"certified_compatible","C1_M2_T4"
0.01,0.02,0.005,TRUE,0.000655200845837659,0.864,0.000313493002730595,0.00168995084452709,"certified_compatible","C1_M2_T4"
0.02,0.02,0.005,FALSE,-0.000591286450136047,0.075,-0.00137369029027245,0.000376047657746178,"indeterminate","C1_M2_T4"
0.05,0.02,0.005,FALSE,-0.00600115860522668,0,-0.00758996284512813,-0.00402203741401133,"rejected","C1_M2_T4"
0,0.05,0.005,TRUE,0.000364498017549702,0.717,-0.000338391156180447,0.00150933629924052,"indeterminate","C1_M2_T4"
0.0025,0.05,0.005,TRUE,0.000212222162343573,0.628,-0.000526834723841557,0.00135172152007225,"indeterminate","C1_M2_T4"
0.005,0.05,0.005,TRUE,5.84081671858664e-05,0.531,-0.000707914115767377,0.00119203655195419,"indeterminate","C1_M2_T4"
0.01,0.05,0.005,FALSE,-0.000253928414818047,0.281,-0.00108325390073761,0.000879061114376862,"indeterminate","C1_M2_T4"
0.02,0.05,0.005,FALSE,-0.000928569175702649,0.007,-0.00161232893863519,0.000264528596586195,"indeterminate","C1_M2_T4"
0.05,0.05,0.005,FALSE,-0.00708545107880056,0,-0.008988893982521,-0.00500566670840409,"rejected","C1_M2_T4"
0,0,0.01,TRUE,0.000669073378020569,0.972,-1.09795221212639e-05,0.00137475755339548,"indeterminate","C1_M2_T4"
0.0025,0,0.01,TRUE,0.000647074454303634,0.97,9.42658982952343e-06,0.00136168520689117,"certified_compatible","C1_M2_T4"
0.005,0,0.01,TRUE,0.000624853319236023,0.96,4.78828414137021e-05,0.00134848081648277,"certified_compatible","C1_M2_T4"
0.01,0,0.01,TRUE,0.000579730810272201,0.9,0.000139536562330849,0.00138891562297973,"certified_compatible","C1_M2_T4"
0.02,0,0.01,FALSE,-0.000417949728366347,0.144,-0.00113076915341224,0.000549406756578583,"indeterminate","C1_M2_T4"
0.05,0,0.01,FALSE,-0.00539761775305652,0,-0.0067318395122304,-0.00343595910845414,"rejected","C1_M2_T4"
0,0.0025,0.01,TRUE,0.000666309013942778,0.971,-1.23441579306493e-05,0.00137181103757844,"indeterminate","C1_M2_T4"
0.0025,0.0025,0.01,TRUE,0.000644587677308222,0.97,2.12938753298428e-05,0.00135902254221276,"certified_compatible","C1_M2_T4"
0.005,0.0025,0.01,TRUE,0.000622646933232913,0.959,5.80279547806482e-05,0.00134610487012622,"certified_compatible","C1_M2_T4"
0.01,0.0025,0.01,TRUE,0.000578093789651418,0.896,0.000160823541832906,0.00140398639266615,"certified_compatible","C1_M2_T4"
0.02,0.0025,0.01,FALSE,-0.000441959925929104,0.135,-0.00115969267057569,0.00052847830361625,"indeterminate","C1_M2_T4"
0.05,0.0025,0.01,FALSE,-0.00547674898264391,0,-0.00683660469357909,-0.00350441244692013,"rejected","C1_M2_T4"
0,0.005,0.01,TRUE,0.000663516726995515,0.971,-1.02283544302138e-05,0.00136883475897536,"indeterminate","C1_M2_T4"
0.0025,0.005,0.01,TRUE,0.000642075781353261,0.969,2.6244388131743e-05,0.00135633298193154,"certified_compatible","C1_M2_T4"
0.005,0.005,0.01,TRUE,0.000620418260502499,0.956,7.75579642496717e-05,0.00134370492431151,"certified_compatible","C1_M2_T4"
0.01,0.005,0.01,TRUE,0.000576440233468809,0.892,0.000182214716330457,0.00140198911439542,"certified_compatible","C1_M2_T4"
0.02,0.005,0.01,FALSE,-0.00046621265073997,0.123,-0.0011999929831877,0.000506456508897646,"indeterminate","C1_M2_T4"
0.05,0.005,0.01,FALSE,-0.00555667951758066,0,-0.00694557804467366,-0.00357843887783044,"rejected","C1_M2_T4"
0,0.01,0.01,TRUE,0.000657846674929134,0.97,5.14926473301554e-06,0.00136279109119973,"certified_compatible","C1_M2_T4"
0.0025,0.01,0.01,TRUE,0.000636975094669206,0.966,5.31094309489325e-05,0.0013508715278911,"certified_compatible","C1_M2_T4"
0.005,0.01,0.01,TRUE,0.00061589269036625,0.95,0.000100812926549889,0.00134157757628165,"certified_compatible","C1_M2_T4"
0.01,0.01,0.01,TRUE,0.000573082502036776,0.873,0.000215157988177183,0.00142718408323977,"certified_compatible","C1_M2_T4"
0.02,0.01,0.01,FALSE,-0.000515460530713056,0.104,-0.00124357167514928,0.000457713050656136,"indeterminate","C1_M2_T4"
0.05,0.01,0.01,FALSE,-0.00571898744056447,0,-0.00718611489477636,-0.00373439936381782,"rejected","C1_M2_T4"
0,0.02,0.01,TRUE,0.000646152192542221,0.966,6.82912619696812e-05,0.00136590224419332,"certified_compatible","C1_M2_T4"
0.0025,0.02,0.01,TRUE,0.000626454928383344,0.955,0.000123371441828536,0.00135983024217541,"certified_compatible","C1_M2_T4"
0.005,0.02,0.01,TRUE,0.000606558701960235,0.925,0.000182225475379427,0.00136833910769742,"certified_compatible","C1_M2_T4"
0.01,0.02,0.01,TRUE,0.000566157180958208,0.789,0.000293560798138385,0.00155783426331506,"certified_compatible","C1_M2_T4"
0.02,0.02,0.01,FALSE,-0.000617034283157545,0.063,-0.00137480116947552,0.000360204455797758,"indeterminate","C1_M2_T4"
0.05,0.02,0.01,FALSE,-0.00605374753171859,0,-0.00766797998464757,-0.00404291271951692,"rejected","C1_M2_T4"
0,0.05,0.01,TRUE,0.000319147225995593,0.647,-0.00020677057072434,0.00147878552449555,"indeterminate","C1_M2_T4"
0.0025,0.05,0.01,TRUE,0.000169972363286871,0.559,-0.000419543953245057,0.00133663812811756,"indeterminate","C1_M2_T4"
0.005,0.05,0.01,TRUE,1.92906837831104e-05,0.471,-0.000637637501422947,0.00117975524180938,"indeterminate","C1_M2_T4"
0.01,0.05,0.01,FALSE,-0.000286685379699015,0.235,-0.00102038290231611,0.000863511221342062,"indeterminate","C1_M2_T4"
0.02,0.05,0.01,FALSE,-0.00094884187447621,0.005,-0.00162610089443186,0.000268820915139872,"indeterminate","C1_M2_T4"
0.05,0.05,0.01,FALSE,-0.00714729716282204,0,-0.0090839091272252,-0.0050331033313665,"rejected","C1_M2_T4"
0,0,0.02,FALSE,-0.000173880173254703,0.335,-0.000918451970795798,0.000519490213915491,"indeterminate","C1_M2_T4"
0.0025,0,0.02,FALSE,-0.000187555568734163,0.327,-0.000925764588393669,0.000508988749226129,"indeterminate","C1_M2_T4"
0.005,0,0.02,FALSE,-0.000201369099521496,0.315,-0.000936286641332173,0.000501582027674345,"indeterminate","C1_M2_T4"
0.01,0,0.02,FALSE,-0.000229419024283529,0.277,-0.000903587041984308,0.000480564806602471,"indeterminate","C1_M2_T4"
0.02,0,0.02,FALSE,-0.000479802457276903,0.025,-0.000957031383470725,0.000505417544251222,"indeterminate","C1_M2_T4"
0.05,0,0.02,FALSE,-0.0054978219690015,0,-0.00686100033306671,-0.00347187672418936,"rejected","C1_M2_T4"
0,0.0025,0.02,FALSE,-0.000178577463772301,0.332,-0.000922667120119233,0.000513676453452028,"indeterminate","C1_M2_T4"
0.0025,0.0025,0.02,FALSE,-0.000191972277723913,0.324,-0.000928676029179025,0.00050438170503118,"indeterminate","C1_M2_T4"
0.005,0.0025,0.02,FALSE,-0.000205502392826551,0.314,-0.000939402510283716,0.000496346691335323,"indeterminate","C1_M2_T4"
0.01,0.0025,0.02,FALSE,-0.000232976810228847,0.268,-0.000902975989483784,0.0004771334443888,"indeterminate","C1_M2_T4"
0.02,0.0025,0.02,FALSE,-0.000502968596564514,0.024,-0.000983942474586352,0.000484432248910218,"indeterminate","C1_M2_T4"
0.05,0.0025,0.02,FALSE,-0.00557838030157181,0,-0.00696251633990452,-0.0035491297361166,"rejected","C1_M2_T4"
0,0.005,0.02,FALSE,-0.000183322201668865,0.329,-0.000926924846708559,0.000507803968135399,"indeterminate","C1_M2_T4"
0.0025,0.005,0.02,FALSE,-0.000196433599935781,0.321,-0.000930108782353016,0.000499427627332832,"indeterminate","C1_M2_T4"
0.005,0.005,0.02,FALSE,-0.000209677436569031,0.312,-0.000942006477543698,0.000491058472811059,"indeterminate","C1_M2_T4"
0.01,0.005,0.02,FALSE,-0.000236570533405934,0.262,-0.00089657699731311,0.00047366742195075,"indeterminate","C1_M2_T4"
0.02,0.005,0.02,FALSE,-0.000526368737259071,0.023,-0.00101493144483627,0.000463244447181409,"indeterminate","C1_M2_T4"
0.05,0.005,0.02,FALSE,-0.00565975235467314,0,-0.00708605620825096,-0.00362289043510615,"rejected","C1_M2_T4"
0,0.01,0.02,FALSE,-0.000192956924540459,0.323,-0.000926096712889226,0.000495879227543467,"indeterminate","C1_M2_T4"
0.0025,0.01,0.02,FALSE,-0.000205492815447637,0.314,-0.000936840358823874,0.000489203781294068,"indeterminate","C1_M2_T4"
0.005,0.01,0.02,FALSE,-0.000218155331515495,0.303,-0.000946923188909083,0.000480522955870115,"indeterminate","C1_M2_T4"
0.01,0.01,0.02,FALSE,-0.000243867991694103,0.243,-0.000865963823200884,0.000464432215294739,"indeterminate","C1_M2_T4"
0.02,0.01,0.02,FALSE,-0.000573885349485773,0.017,-0.0010780936444908,0.000424856850690745,"indeterminate","C1_M2_T4"
0.05,0.01,0.02,FALSE,-0.00582498744209318,0,-0.00732582368276163,-0.00377790827328992,"rejected","C1_M2_T4"
0,0.02,0.02,FALSE,-0.00021282854046312,0.305,-0.000936317383781739,0.000473268947324835,"indeterminate","C1_M2_T4"
0.0025,0.02,0.02,FALSE,-0.00022417744744084,0.285,-0.000933038851159071,0.000469056486712803,"indeterminate","C1_M2_T4"
0.005,0.02,0.02,FALSE,-0.000235640989842577,0.261,-0.00092580327472831,0.000462284899478697,"indeterminate","C1_M2_T4"
0.01,0.02,0.02,FALSE,-0.000258918999413451,0.195,-0.000827190260536938,0.000448690201035209,"indeterminate","C1_M2_T4"
0.02,0.02,0.02,FALSE,-0.000671888362203347,0.007,-0.00118970749372911,0.000331410762356321,"indeterminate","C1_M2_T4"
0.05,0.02,0.02,FALSE,-0.00616578480989701,0,-0.00781883557374416,-0.00408743192356549,"rejected","C1_M2_T4"
0,0.05,0.02,FALSE,-0.000277742485810482,0.11,-0.00080029567915321,0.000506261219621398,"indeterminate","C1_M2_T4"
0.0025,0.05,0.02,FALSE,-0.000285213911951968,0.084,-0.000763925907968484,0.000600346679152988,"indeterminate","C1_M2_T4"
0.005,0.05,0.02,FALSE,-0.000292760807044379,0.069,-0.000727555664683654,0.000697003433045578,"indeterminate","C1_M2_T4"
0.01,0.05,0.02,FALSE,-0.00035647195705412,0.024,-0.000696182998521792,0.000848286670996135,"indeterminate","C1_M2_T4"
0.02,0.05,0.02,FALSE,-0.000992031537080753,0.001,-0.0014770354065421,0.000277758499902931,"indeterminate","C1_M2_T4"
0.05,0.05,0.02,FALSE,-0.00727905621138954,0,-0.00926500018401741,-0.00509349328989766,"rejected","C1_M2_T4"
0,0,0.05,FALSE,-0.00969165681567494,0,-0.0127617634518848,-0.00693732780430488,"rejected","C1_M2_T4"
0.0025,0,0.05,FALSE,-0.00970794612185039,0,-0.0127865497652036,-0.00694575069061377,"rejected","C1_M2_T4"
0.005,0,0.05,FALSE,-0.00972439996647206,0,-0.0128115837527867,-0.00695425865658234,"rejected","C1_M2_T4"
0.01,0,0.05,FALSE,-0.00975781134483646,0,-0.0128624047636933,-0.00697153503645729,"rejected","C1_M2_T4"
0.02,0,0.05,FALSE,-0.00982672231271305,0,-0.0129672230986882,-0.00700716756994938,"rejected","C1_M2_T4"
0.05,0,0.05,FALSE,-0.0100518314744432,0,-0.0132048400293855,-0.00712356717935688,"rejected","C1_M2_T4"
0,0.0025,0.05,FALSE,-0.00981927453092782,0,-0.0129010259467383,-0.00706389194985218,"rejected","C1_M2_T4"
0.0025,0.0025,0.05,FALSE,-0.00983585519863481,0,-0.0129261254745123,-0.00707259975723228,"rejected","C1_M2_T4"
0.005,0.0025,0.05,FALSE,-0.00985260334783379,0,-0.0129514785328699,-0.00708139552226268,"rejected","C1_M2_T4"
0.01,0.0025,0.05,FALSE,-0.00988661234467661,0,-0.0130029607636165,-0.00709925631043666,"rejected","C1_M2_T4"
0.02,0.0025,0.05,FALSE,-0.00995675590066493,0,-0.0131091428645313,-0.00713609418604549,"rejected","C1_M2_T4"
0.05,0.0025,0.05,FALSE,-0.0101858915168934,0,-0.0133441013841274,-0.00725643124636767,"rejected","C1_M2_T4"
0,0.005,0.05,FALSE,-0.00994818131401154,0,-0.013041355495651,-0.00719173452111208,"rejected","C1_M2_T4"
0.0025,0.005,0.05,FALSE,-0.00996505628629584,0,-0.0130669166681707,-0.00720073012755401,"rejected","C1_M2_T4"
0.005,0.005,0.05,FALSE,-0.00998210171284563,0,-0.0130927360343521,-0.00720981659870747,"rejected","C1_M2_T4"
0.01,0.005,0.05,FALSE,-0.0100167143647172,0,-0.0131449365211147,-0.0072282676982946,"rejected","C1_M2_T4"
0.02,0.005,0.05,FALSE,-0.0100881029592022,0,-0.0132524961633626,-0.00726632309119308,"rejected","C1_M2_T4"
0.05,0.005,0.05,FALSE,-0.0103213057011866,0,-0.0134789995044027,-0.0073906373746614,"rejected","C1_M2_T4"
0,0.01,0.05,FALSE,-0.0102099410061917,0,-0.0133003336700285,-0.00745117438746602,"rejected","C1_M2_T4"
0.0025,0.01,0.05,FALSE,-0.0102274135969545,0,-0.0133264634064723,-0.00746024995717943,"rejected","C1_M2_T4"
0.005,0.01,0.05,FALSE,-0.010245062678533,0,-0.0133528570796479,-0.00746941719931418,"rejected","C1_M2_T4"
0.01,0.01,0.05,FALSE,-0.0102809011196975,0,-0.013406452395586,-0.00748803231344496,"rejected","C1_M2_T4"
0.02,0.01,0.05,FALSE,-0.0103548179045993,0,-0.0135169927347084,-0.00752642598633969,"rejected","C1_M2_T4"
0.05,0.01,0.05,FALSE,-0.0105962794019451,0,-0.0137972174412352,-0.00765191364339641,"rejected","C1_M2_T4"
0,0.02,0.05,FALSE,-0.0107498203713134,0,-0.0138591659265351,-0.00793023102598522,"rejected","C1_M2_T4"
0.0025,0.02,0.05,FALSE,-0.0107685255501879,0,-0.0138856049553532,-0.00794211577638539,"rejected","C1_M2_T4"
0.005,0.02,0.05,FALSE,-0.0107874196702631,0,-0.0139123110450685,-0.00795412057476939,"rejected","C1_M2_T4"
0.01,0.02,0.05,FALSE,-0.0108257863018443,0,-0.0139665407578576,-0.00797849766536549,"rejected","C1_M2_T4"
0.02,0.02,0.05,FALSE,-0.0109049174794807,0,-0.0140783562338875,-0.00802877541471994,"rejected","C1_M2_T4"
0.05,0.02,0.05,FALSE,-0.0111634126597596,0,-0.0144185406276273,-0.00819301606261114,"rejected","C1_M2_T4"
0,0.05,0.05,FALSE,-0.0125134262973775,0,-0.0156248228684627,-0.00965754152692843,"rejected","C1_M2_T4"
0.0025,0.05,0.05,FALSE,-0.0125361579307503,0,-0.0156548427555038,-0.00967418714654154,"rejected","C1_M2_T4"
0.005,0.05,0.05,FALSE,-0.0125591191765814,0,-0.0156851658737272,-0.00969100090372651,"rejected","C1_M2_T4"
0.01,0.05,0.05,FALSE,-0.0126057445635241,0,-0.0157467080625776,-0.00972514312494905,"rejected","C1_M2_T4"
0.02,0.05,0.05,FALSE,-0.0127019094240935,0,-0.0158764095229825,-0.00979356471320414,"rejected","C1_M2_T4"
0.05,0.05,0.05,FALSE,-0.0130160479686201,0,-0.0162857147198711,-0.0100061084723239,"rejected","C1_M2_T4"
0,0,0,TRUE,0.000217191728140652,1,-2.48214079297373e-05,0.000434383456281305,"indeterminate","age2_M2_T4"
0.0025,0,0,TRUE,0.000180835312369205,0.74,-6.30267576629193e-05,0.00040649435273701,"indeterminate","age2_M2_T4"
0.005,0,0,TRUE,0.000144111660074814,0.686,-9.51627686631788e-05,0.000452065108965554,"indeterminate","age2_M2_T4"
0.01,0,0,FALSE,-1.48613936754605e-05,0.266,-0.000305889637036516,0.000830289356987928,"indeterminate","age2_M2_T4"
0.02,0,0,FALSE,-0.0015068988182915,0,-0.00220375511719988,-0.00030309133390487,"rejected","age2_M2_T4"
0.05,0,0,FALSE,-0.010861301670213,0,-0.0129927716827388,-0.00904914207773943,"rejected","age2_M2_T4"
0,0.0025,0,TRUE,0.000213516758622138,0.751,-2.81424984926072e-05,0.000433107038084262,"indeterminate","age2_M2_T4"
0.0025,0.0025,0,TRUE,0.000177525070498646,0.739,-6.64285048000382e-05,0.000403522616151022,"indeterminate","age2_M2_T4"
0.005,0.0025,0,TRUE,0.000141169829969865,0.686,-9.84768749509677e-05,0.000450185580186773,"indeterminate","age2_M2_T4"
0.01,0.0025,0,FALSE,-1.78436065995481e-05,0.266,-0.000307225493597733,0.000828502710440842,"indeterminate","age2_M2_T4"
0.02,0.0025,0,FALSE,-0.00151241790814807,0,-0.00220987619016459,-0.00030560340563098,"rejected","age2_M2_T4"
0.05,0.0025,0,FALSE,-0.0108764427956213,0,-0.0130150078573747,-0.00906388120286538,"rejected","age2_M2_T4"
0,0.005,0,TRUE,0.000209804668199397,0.751,-3.11213284664317e-05,0.000431817726774118,"indeterminate","age2_M2_T4"
0.0025,0.005,0,TRUE,0.000174181391841515,0.739,-6.92283100432229e-05,0.000401722250801733,"indeterminate","age2_M2_T4"
0.005,0.005,0,TRUE,0.000138198284409311,0.685,-0.000101278998321438,0.000448287066268812,"indeterminate","age2_M2_T4"
0.01,0.005,0,FALSE,-2.08559428865054e-05,0.266,-0.000309615883451932,0.000825800474846067,"indeterminate","age2_M2_T4"
0.02,0.005,0,FALSE,-0.00151799274638702,0,-0.00221831761417636,-0.00030814289023416,"rejected","age2_M2_T4"
0.05,0.005,0,FALSE,-0.0108917368616902,0,-0.0130374686398352,-0.00907388891101561,"rejected","age2_M2_T4"
0,0.01,0,TRUE,0.00020226685193281,0.731,-3.66970163303736e-05,0.000432588581316869,"indeterminate","age2_M2_T4"
0.0025,0.01,0,TRUE,0.000167391677017342,0.717,-7.49533151861431e-05,0.000429030082043599,"indeterminate","age2_M2_T4"
0.005,0.01,0,TRUE,0.000132164227607779,0.66,-0.000105614234814942,0.000507815248752068,"indeterminate","age2_M2_T4"
0.01,0.01,0,FALSE,-2.69728298365512e-05,0.245,-0.000267367313521119,0.00082031328215872,"indeterminate","age2_M2_T4"
0.02,0.01,0,FALSE,-0.00152931308117837,0,-0.00223779648794837,-0.00031329959876511,"rejected","age2_M2_T4"
0.05,0.01,0,FALSE,-0.0109227931795241,0,-0.0130828086752313,-0.00908896524932629,"rejected","age2_M2_T4"
0,0.02,0,TRUE,0.000186720105882975,0.522,0.000160573725818825,0.00140383992002083,"certified_compatible","age2_M2_T4"
0.0025,0.02,0,TRUE,0.000153387890192485,0.509,0.000128957765690232,0.00137573250446675,"certified_compatible","age2_M2_T4"
0.005,0.02,0,TRUE,0.000119718985454617,0.451,9.50526144349204e-05,0.00134734117562425,"certified_compatible","age2_M2_T4"
0.01,0.02,0,FALSE,-3.95889091710207e-05,0.176,-0.000146087766689604,0.00115688241080665,"indeterminate","age2_M2_T4"
0.02,0.02,0,FALSE,-0.00155266127168553,0,-0.00225450901386561,-0.000323637716430586,"rejected","age2_M2_T4"
0.05,0.02,0,FALSE,-0.0109868468350566,0,-0.0131758475906048,-0.00912915463687311,"rejected","age2_M2_T4"
0,0.05,0,FALSE,-0.00254206882182409,0,-0.00476848378403296,-0.000408625750337027,"rejected","age2_M2_T4"
0.0025,0.05,0,FALSE,-0.00258042867557563,0,-0.00481680825094808,-0.000446719827467528,"rejected","age2_M2_T4"
0.005,0.05,0,FALSE,-0.00261917600259739,0,-0.00486550041568213,-0.000484685611347181,"rejected","age2_M2_T4"
0.01,0.05,0,FALSE,-0.00269785679930484,0,-0.00487425095038229,-0.000555077233030611,"rejected","age2_M2_T4"
0.02,0.05,0,FALSE,-0.00286013594251396,0,-0.00438163230354339,-0.000724038313255568,"rejected","age2_M2_T4"
0.05,0.05,0,FALSE,-0.0111960887764625,0,-0.0134634334682169,-0.00930195701268098,"rejected","age2_M2_T4"
0,0,0.0025,TRUE,0.000175557500289974,0.75,-6.65633883178984e-05,0.00039686661740501,"indeterminate","age2_M2_T4"
0.0025,0,0.0025,TRUE,0.000141189055997244,0.74,-0.000104520576634703,0.000369730534285085,"indeterminate","age2_M2_T4"
0.005,0,0.0025,TRUE,0.000106473455701558,0.684,-0.0001376088607479,0.000394850285406149,"indeterminate","age2_M2_T4"
0.01,0,0.0025,FALSE,-2.48363571945397e-05,0.257,-0.000295676078962238,0.000829181403542072,"indeterminate","age2_M2_T4"
0.02,0,0.0025,FALSE,-0.00151652222236243,0,-0.00221811608318909,-0.000302797684200278,"rejected","age2_M2_T4"
0.05,0,0.0025,FALSE,-0.0109150333531322,0,-0.0130653472819938,-0.00908764604897645,"rejected","age2_M2_T4"
0,0.0025,0.0025,TRUE,0.000171797174951415,0.75,-7.16600643832768e-05,0.000394182677641974,"indeterminate","age2_M2_T4"
0.0025,0.0025,0.0025,TRUE,0.000137793900147496,0.739,-0.000109515310653603,0.000366614570845425,"indeterminate","age2_M2_T4"
0.005,0.0025,0.0025,TRUE,0.000103447157921316,0.683,-0.000140225945633343,0.000392781975664467,"indeterminate","age2_M2_T4"
0.01,0.0025,0.0025,FALSE,-2.77872909517378e-05,0.254,-0.000301153565470457,0.000828942978136428,"indeterminate","age2_M2_T4"
0.02,0.0025,0.0025,FALSE,-0.0015220219418071,0,-0.00222444791761866,-0.000305264834564882,"rejected","age2_M2_T4"
0.05,0.0025,0.0025,FALSE,-0.0109302074939427,0,-0.0130876680343176,-0.00910240886088665,"rejected","age2_M2_T4"
0,0.005,0.0025,TRUE,0.000167998866528627,0.75,-7.47101718263484e-05,0.000392188705874553,"indeterminate","age2_M2_T4"
0.0025,0.005,0.0025,TRUE,0.000134364449794216,0.739,-0.000112886639523801,0.000364517920137996,"indeterminate","age2_M2_T4"
0.005,0.005,0.0025,TRUE,0.000100390291476628,0.682,-0.000142828578243024,0.000390692773905193,"indeterminate","age2_M2_T4"
0.01,0.005,0.0025,FALSE,-3.07680321206248e-05,0.251,-0.000302176541991819,0.000828702144393354,"indeterminate","age2_M2_T4"
0.02,0.005,0.0025,FALSE,-0.00152757721397344,0,-0.00223084370997176,-0.000307756905640241,"rejected","age2_M2_T4"
0.05,0.005,0.0025,FALSE,-0.0109455349089029,0,-0.0131102142487861,-0.0091154181226665,"rejected","age2_M2_T4"
0,0.01,0.0025,TRUE,0.000160285974935417,0.728,-8.05428878480658e-05,0.00039341245928995,"indeterminate","age2_M2_T4"
0.0025,0.01,0.0025,TRUE,0.000127400565913574,0.712,-0.000114986230695589,0.00038354889009135,"indeterminate","age2_M2_T4"
0.005,0.01,0.0025,TRUE,9.41829810430253e-05,0.649,-0.00014466704175892,0.000463492639643467,"indeterminate","age2_M2_T4"
0.01,0.01,0.0025,FALSE,-3.68207616370382e-05,0.224,-0.000238832634956836,0.000823509659520932,"indeterminate","age2_M2_T4"
0.02,0.01,0.0025,FALSE,-0.00153885781765815,0,-0.00224454287840996,-0.000313221845064859,"rejected","age2_M2_T4"
0.05,0.01,0.0025,FALSE,-0.0109766589454037,0,-0.0131557434867718,-0.00913043465595747,"rejected","age2_M2_T4"
0,0.02,0.0025,TRUE,0.00014437813602442,0.511,0.000117460224110329,0.00137582052590843,"certified_compatible","age2_M2_T4"
0.0025,0.02,0.0025,TRUE,0.00011303755540975,0.502,8.58393792202174e-05,0.00135106013831869,"certified_compatible","age2_M2_T4"
0.005,0.02,0.0025,TRUE,8.13804032737205e-05,0.443,5.4016358646264e-05,0.00132604964580379,"certified_compatible","age2_M2_T4"
0.01,0.02,0.0025,FALSE,-4.93045162646409e-05,0.132,-0.000131679352826876,0.00118792968456122,"indeterminate","age2_M2_T4"
0.02,0.02,0.0025,FALSE,-0.00156212406275786,0,-0.00227061754366759,-0.000324547490223943,"rejected","age2_M2_T4"
0.05,0.02,0.0025,FALSE,-0.0110408522706865,0,-0.0132491333751836,-0.00917261305931824,"rejected","age2_M2_T4"
0,0.05,0.0025,FALSE,-0.00259981475718897,0,-0.00483430095785092,-0.00044912356857028,"rejected","age2_M2_T4"
0.0025,0.05,0.0025,FALSE,-0.00263757324949929,0,-0.00488215897757089,-0.000488600825685157,"rejected","age2_M2_T4"
0.005,0.05,0.0025,FALSE,-0.00267571314072184,0,-0.00493050041163147,-0.000527482551737616,"rejected","age2_M2_T4"
0.01,0.05,0.0025,FALSE,-0.00275316047085743,0,-0.00494300811477011,-0.000598215461241693,"rejected","age2_M2_T4"
0.02,0.05,0.0025,FALSE,-0.00291289558926207,0,-0.00445381142843405,-0.000765117487210029,"rejected","age2_M2_T4"
0.05,0.05,0.0025,FALSE,-0.0112505504666104,0,-0.0135358860441942,-0.00934569642539447,"rejected","age2_M2_T4"
0,0,0.005,TRUE,0.000133073594319894,0.749,-0.00011158020749116,0.000359245645079517,"indeterminate","age2_M2_T4"
0.0025,0,0.005,TRUE,0.000100733692352387,0.738,-0.000145956953980247,0.000334002736731741,"indeterminate","age2_M2_T4"
0.005,0,0.005,TRUE,6.80671247084399e-05,0.682,-0.000178331949274183,0.00034824945541791,"indeterminate","age2_M2_T4"
0.01,0,0.005,FALSE,-3.50148913976818e-05,0.177,-0.000283398360578564,0.000828022076901919,"indeterminate","age2_M2_T4"
0.02,0,0.005,FALSE,-0.0015263420224348,0,-0.00223583456786591,-0.000302500100859917,"rejected","age2_M2_T4"
0.05,0,0.005,FALSE,-0.0109698616010089,0,-0.0131394040159274,-0.00912726348539453,"rejected","age2_M2_T4"
0,0.0025,0.005,TRUE,0.000129226171205778,0.749,-0.000115888611656217,0.000356374554948121,"indeterminate","age2_M2_T4"
0.0025,0.0025,0.005,TRUE,9.72518895850989e-05,0.737,-0.000150117253193094,0.000331435901573895,"indeterminate","age2_M2_T4"
0.005,0.0025,0.005,TRUE,6.49546354227968e-05,0.68,-0.000182573472524228,0.000347957481473554,"indeterminate","age2_M2_T4"
0.01,0.0025,0.005,FALSE,-3.79339076376457e-05,0.166,-0.000289083845058744,0.000827873723692498,"indeterminate","age2_M2_T4"
0.02,0.0025,0.005,FALSE,-0.00153182197615306,0,-0.00224217085075148,-0.000304919353885192,"rejected","age2_M2_T4"
0.05,0.0025,0.005,FALSE,-0.0109850694310055,0,-0.0131618110720144,-0.00914172279764304,"rejected","age2_M2_T4"
0,0.005,0.005,TRUE,0.000125339885231924,0.749,-0.000120240535055264,0.000353146948048599,"indeterminate","age2_M2_T4"
0.0025,0.005,0.005,TRUE,9.37349170928892e-05,0.737,-0.000153615840148545,0.000328759143506698,"indeterminate","age2_M2_T4"
0.005,0.005,0.005,TRUE,6.18107068514401e-05,0.679,-0.000186052481340357,0.000346847486320773,"indeterminate","age2_M2_T4"
0.01,0.005,0.005,FALSE,-4.08824088901345e-05,0.154,-0.000289057775515161,0.000827694819542088,"indeterminate","age2_M2_T4"
0.02,0.005,0.005,FALSE,-0.00153735728293917,0,-0.00224857113649447,-0.000307363043809711,"rejected","age2_M2_T4"
0.05,0.005,0.005,FALSE,-0.0110004308754465,0,-0.0131844444620012,-0.00915665914319678,"rejected","age2_M2_T4"
0,0.01,0.005,TRUE,0.00011744834534624,0.722,-0.000125866225057418,0.000357202835772217,"indeterminate","age2_M2_T4"
0.0025,0.01,0.005,TRUE,8.65933096852387e-05,0.704,-0.000157495622289887,0.000346255136449499,"indeterminate","age2_M2_T4"
0.005,0.01,0.005,TRUE,5.54266069973588e-05,0.632,-0.000182834907564398,0.000423495835415232,"indeterminate","age2_M2_T4"
0.01,0.01,0.005,FALSE,-4.68696716375352e-05,0.107,-0.000221789627502112,0.000826771269074209,"indeterminate","age2_M2_T4"
0.02,0.01,0.005,FALSE,-0.00154859734467833,0,-0.00226156763509504,-0.000316020304263451,"rejected","age2_M2_T4"
0.05,0.01,0.005,FALSE,-0.0110316240126277,0,-0.013230166763854,-0.00917276509809528,"rejected","age2_M2_T4"
0,0.02,0.005,TRUE,0.000101172044332017,0.504,7.15149717151472e-05,0.00134722930742639,"certified_compatible","age2_M2_T4"
0.0025,0.02,0.005,TRUE,7.18637444069596e-05,0.489,4.13896197785543e-05,0.00132588425449413,"certified_compatible","age2_M2_T4"
0.005,0.02,0.005,TRUE,4.22594010483159e-05,0.428,1.15209900633436e-05,0.00130432359496659,"certified_compatible","age2_M2_T4"
0.01,0.02,0.005,FALSE,-5.92184010540493e-05,0.027,-0.000119002503183095,0.00121848340483707,"indeterminate","age2_M2_T4"
0.02,0.02,0.005,FALSE,-0.00157177997201533,0,-0.00228837291345872,-0.000328152566876682,"rejected","age2_M2_T4"
0.05,0.02,0.005,FALSE,-0.011095959858064,0,-0.0133239147880191,-0.00921696415775302,"rejected","age2_M2_T4"
0,0.05,0.005,FALSE,-0.00265873918103068,0,-0.00490146133929781,-0.000491812060238421,"rejected","age2_M2_T4"
0.0025,0.05,0.005,FALSE,-0.00269588403921732,0,-0.00494884339249213,-0.000528231657619541,"rejected","age2_M2_T4"
0.005,0.05,0.005,FALSE,-0.00273340409799169,0,-0.00499670405228437,-0.000567481555147211,"rejected","age2_M2_T4"
0.01,0.05,0.005,FALSE,-0.00280959278876823,0,-0.00501857699407696,-0.000642754895846517,"rejected","age2_M2_T4"
0.02,0.05,0.005,FALSE,-0.00296673196349484,0,-0.00453328384049683,-0.000805393257327678,"rejected","age2_M2_T4"
0.05,0.05,0.005,FALSE,-0.0113061236198225,0,-0.013609817244171,-0.00939032847918373,"rejected","age2_M2_T4"
0,0,0.01,TRUE,4.54505382566037e-05,0.705,-0.000203533254829929,0.000471660009519282,"indeterminate","age2_M2_T4"
0.0025,0,0.01,TRUE,1.72945048348675e-05,0.629,-0.00023562181664815,0.000430795009637802,"indeterminate","age2_M2_T4"
0.005,0,0.01,FALSE,-1.1145932964866e-05,0.321,-0.000264098981209571,0.000542527289224593,"indeterminate","age2_M2_T4"
0.01,0,0.01,FALSE,-6.88974342112637e-05,0.057,-0.000276677379901008,0.000830326070454356,"indeterminate","age2_M2_T4"
0.02,0,0.01,FALSE,-0.00154659536008407,0,-0.00224722433532708,-0.000301886335220425,"rejected","age2_M2_T4"
0.05,0,0.01,FALSE,-0.0110829448622546,0,-0.0132921460296656,-0.00921304661452629,"rejected","age2_M2_T4"
0,0.0025,0.01,TRUE,4.14234759804025e-05,0.705,-0.000209564442702282,0.000467880581091595,"indeterminate","age2_M2_T4"
0.0025,0.0025,0.01,TRUE,1.36339928001543e-05,0.597,-0.000241213743053094,0.000427769467531562,"indeterminate","age2_M2_T4"
0.005,0.0025,0.01,FALSE,-1.44361922303995e-05,0.293,-0.000267715039298159,0.000541815247444953,"indeterminate","age2_M2_T4"
0.01,0.0025,0.01,FALSE,-7.14358536699934e-05,0.057,-0.000279689252995379,0.000832085658250833,"indeterminate","age2_M2_T4"
0.02,0.0025,0.01,FALSE,-0.00155203454699159,0,-0.00225545880620406,-0.000306085825968054,"rejected","age2_M2_T4"
0.05,0.0025,0.01,FALSE,-0.0110982221761974,0,-0.0133147310872641,-0.00922288181918074,"rejected","age2_M2_T4"
0,0.005,0.01,TRUE,3.7355736307472e-05,0.702,-0.00021454331715803,0.000464062976619184,"indeterminate","age2_M2_T4"
0.0025,0.005,0.01,TRUE,9.93650589640357e-06,0.562,-0.000244596242411375,0.000424713364393947,"indeterminate","age2_M2_T4"
0.005,0.005,0.01,FALSE,-1.77596864380091e-05,0.274,-0.000270402119784335,0.000540497911542062,"indeterminate","age2_M2_T4"
0.01,0.005,0.01,FALSE,-7.39999137293163e-05,0.055,-0.000282054840007196,0.000835300032283967,"indeterminate","age2_M2_T4"
0.02,0.005,0.01,FALSE,-0.001557528675181,0,-0.0022642440885292,-0.000311268376265914,"rejected","age2_M2_T4"
0.05,0.005,0.01,FALSE,-0.0111136538064426,0,-0.0133375442767575,-0.00923779449231518,"rejected","age2_M2_T4"
0,0.01,0.01,TRUE,2.90957343185622e-05,0.645,-0.000216355248124183,0.000535433512588559,"indeterminate","age2_M2_T4"
0.0025,0.01,0.01,TRUE,2.42834371429745e-06,0.439,-0.000248678313441119,0.000521622118984783,"indeterminate","age2_M2_T4"
0.005,0.01,0.01,FALSE,-2.45084144718285e-05,0.192,-0.000267017084467554,0.000531354759952986,"indeterminate","age2_M2_T4"
0.01,0.01,0.01,FALSE,-7.92065254824313e-05,0.035,-0.000226056898777702,0.000841827179555331,"indeterminate","age2_M2_T4"
0.02,0.01,0.01,FALSE,-0.00156868511915745,0,-0.00228208359039353,-0.00032179212636055,"rejected","age2_M2_T4"
0.05,0.01,0.01,FALSE,-0.0111449894637773,0,-0.0133836647728359,-0.00926014032279206,"rejected","age2_M2_T4"
0,0.02,0.01,TRUE,1.20594802164355e-05,0.357,-2.62630174956546e-05,0.00132872715808252,"indeterminate","age2_M2_T4"
0.0025,0.02,0.01,FALSE,-1.30572407862964e-05,0.129,-5.16904663784662e-05,0.0013191161373111,"indeterminate","age2_M2_T4"
0.005,0.02,0.01,FALSE,-3.84276660415812e-05,0.024,-7.57614883855353e-05,0.0012973620637352,"indeterminate","age2_M2_T4"
0.01,0.02,0.01,FALSE,-8.99451622232309e-05,0,-0.000114402057658504,0.00126944300904843,"indeterminate","age2_M2_T4"
0.02,0.02,0.01,FALSE,-0.00159169528485887,0,-0.00230563898543691,-0.000335588037472956,"rejected","age2_M2_T4"
0.05,0.02,0.01,FALSE,-0.0112096192570301,0,-0.0134781514519924,-0.00930848607914162,"rejected","age2_M2_T4"
0,0.05,0.01,FALSE,-0.00278027080520421,0,-0.00506955547362092,-0.000590811107367628,"rejected","age2_M2_T4"
0.0025,0.05,0.01,FALSE,-0.00281615004301073,0,-0.0050996422244424,-0.000621236284609907,"rejected","age2_M2_T4"
0.005,0.05,0.01,FALSE,-0.00285239169736075,0,-0.00513324906113097,-0.000651793807015793,"rejected","age2_M2_T4"
0.01,0.05,0.01,FALSE,-0.00292598444445925,0,-0.00518845666097482,-0.000726242651577774,"rejected","age2_M2_T4"
0.02,0.05,0.01,FALSE,-0.00307776948534992,0,-0.0046904025895289,-0.000885966367950618,"rejected","age2_M2_T4"
0.05,0.05,0.01,FALSE,-0.0114207432483226,0,-0.0137623003441232,-0.0094823820901241,"rejected","age2_M2_T4"
0,0,0.02,FALSE,-0.00156209589241753,0.023,-0.00305864033998009,0.00228835715748164,"indeterminate","age2_M2_T4"
0.0025,0,0.02,FALSE,-0.00156533459190553,0.023,-0.00305215523359033,0.00229547864172153,"indeterminate","age2_M2_T4"
0.005,0,0.02,FALSE,-0.00156860600552977,0.018,-0.00302708124961583,0.00230438432230991,"indeterminate","age2_M2_T4"
0.01,0,0.02,FALSE,-0.00157524897809329,0.004,-0.00292951055928324,0.002317638875906,"indeterminate","age2_M2_T4"
0.02,0,0.02,FALSE,-0.001589743775076,0,-0.00196954607747515,0.0023472620865212,"indeterminate","age2_M2_T4"
0.05,0,0.02,FALSE,-0.0113238613753433,0,-0.013617552928499,-0.00939839834555164,"rejected","age2_M2_T4"
0,0.0025,0.02,FALSE,-0.00157298963603578,0.022,-0.00307454874213606,0.00229114470786957,"indeterminate","age2_M2_T4"
0.0025,0.0025,0.02,FALSE,-0.00157624170969285,0.021,-0.00306850805711023,0.00229828817470955,"indeterminate","age2_M2_T4"
0.005,0.0025,0.02,FALSE,-0.00157952663257878,0.017,-0.00304394976946841,0.00230508446873656,"indeterminate","age2_M2_T4"
0.01,0.0025,0.02,FALSE,-0.0015861970372145,0.004,-0.00294677779361033,0.00231948992022573,"indeterminate","age2_M2_T4"
0.02,0.0025,0.02,FALSE,-0.00159995474677566,0,-0.00197962303182974,0.00235183952605341,"indeterminate","age2_M2_T4"
0.05,0.0025,0.02,FALSE,-0.0113392867203018,0,-0.0136405172067091,-0.00941107001006872,"rejected","age2_M2_T4"
0,0.005,0.02,FALSE,-0.00158399341746835,0.02,-0.0030906178352229,0.00229396041533212,"indeterminate","age2_M2_T4"
0.0025,0.005,0.02,FALSE,-0.00158725900038711,0.02,-0.00308502606066569,0.00229967537168808,"indeterminate","age2_M2_T4"
0.005,0.005,0.02,FALSE,-0.00159055756899192,0.015,-0.0030609886784104,0.00229948087635941,"indeterminate","age2_M2_T4"
0.01,0.005,0.02,FALSE,-0.00159725568279147,0.004,-0.00296523715722483,0.00231462541676196,"indeterminate","age2_M2_T4"
0.02,0.005,0.02,FALSE,-0.00161107054250306,0,-0.00198884036357575,0.00235485983654967,"indeterminate","age2_M2_T4"
0.05,0.005,0.02,FALSE,-0.0113548678768256,0,-0.0136637134473253,-0.00942386967119708,"rejected","age2_M2_T4"
0,0.01,0.02,FALSE,-0.00160633783078552,0.013,-0.00310722093075032,0.00228852678002915,"indeterminate","age2_M2_T4"
0.0025,0.01,0.02,FALSE,-0.00160963084577648,0.013,-0.00308980770137058,0.00228831553344798,"indeterminate","age2_M2_T4"
0.005,0.01,0.02,FALSE,-0.00161295712354512,0.01,-0.00307621144652382,0.00228810215306296,"indeterminate","age2_M2_T4"
0.01,0.01,0.02,FALSE,-0.00161971150391207,0.003,-0.00300308642570004,0.00230604266392476,"indeterminate","age2_M2_T4"
0.02,0.01,0.02,FALSE,-0.00163364241341888,0,-0.00201956158422192,0.00235134110441597,"indeterminate","age2_M2_T4"
0.05,0.01,0.02,FALSE,-0.0113865071640524,0,-0.0137106822702321,-0.0094462169555781,"rejected","age2_M2_T4"
0,0.02,0.02,FALSE,-0.00165242318325219,0,-0.00312745056950271,0.00228074333158379,"indeterminate","age2_M2_T4"
0.0025,0.02,0.02,FALSE,-0.00165577277689206,0,-0.00312564922002756,0.0022915002658816,"indeterminate","age2_M2_T4"
0.005,0.02,0.02,FALSE,-0.00165915620481112,0,-0.00311850315166582,0.00230236121641449,"indeterminate","age2_M2_T4"
0.01,0.02,0.02,FALSE,-0.00166602663497329,0,-0.00305409283436904,0.00231476907465096,"indeterminate","age2_M2_T4"
0.02,0.02,0.02,FALSE,-0.00168019689718278,0,-0.00208049500365575,0.00232475539193777,"indeterminate","age2_M2_T4"
0.05,0.02,0.02,FALSE,-0.0114517631939578,0,-0.0137944795860654,-0.00950346756383907,"rejected","age2_M2_T4"
0,0.05,0.02,FALSE,-0.00303918600453043,0,-0.00482016573070291,-0.000249191560472035,"rejected","age2_M2_T4"
0.0025,0.05,0.02,FALSE,-0.00307236892065758,0,-0.00485731431253267,-0.00030170281329748,"rejected","age2_M2_T4"
0.005,0.05,0.02,FALSE,-0.0031058870177557,0,-0.0048925694175865,-0.000360437485111887,"rejected","age2_M2_T4"
0.01,0.05,0.02,FALSE,-0.00317394927614883,0,-0.00496674312434305,-0.000437739880461935,"rejected","age2_M2_T4"
0.02,0.05,0.02,FALSE,-0.00331432768408465,0,-0.00477752589052529,-0.000570708196156696,"rejected","age2_M2_T4"
0.05,0.05,0.02,FALSE,-0.0116649328916487,0,-0.0140871556440214,-0.00967762523252601,"rejected","age2_M2_T4"
0,0,0.05,FALSE,-0.0211326606832153,0,-0.0255703822249062,-0.0165001682647891,"rejected","age2_M2_T4"
0.0025,0,0.05,FALSE,-0.0211594117451637,0,-0.0256025427934691,-0.0165237365847557,"rejected","age2_M2_T4"
0.005,0,0.05,FALSE,-0.021186433019859,0,-0.0256350282162599,-0.016547806054727,"rejected","age2_M2_T4"
0.01,0,0.05,FALSE,-0.021241302751128,0,-0.0257009908295268,-0.0165966818151791,"rejected","age2_M2_T4"
0.02,0,0.05,FALSE,-0.0213544715718703,0,-0.025836960942405,-0.0166974880711114,"rejected","age2_M2_T4"
0.05,0,0.05,FALSE,-0.0217241563862952,0,-0.0264029342996717,-0.0169164304042675,"rejected","age2_M2_T4"
0,0.0025,0.05,FALSE,-0.0211761701107396,0,-0.0256195292762682,-0.0165348251122846,"rejected","age2_M2_T4"
0.0025,0.0025,0.05,FALSE,-0.0212029564104958,0,-0.0256517300659176,-0.0165584127352881,"rejected","age2_M2_T4"
0.005,0.0025,0.05,FALSE,-0.0212300132789365,0,-0.02568424628626,-0.0165823858173658,"rejected","age2_M2_T4"
0.01,0.0025,0.05,FALSE,-0.0212849552873008,0,-0.0257502534512013,-0.0166313022146439,"rejected","age2_M2_T4"
0.02,0.0025,0.05,FALSE,-0.0213982731795522,0,-0.0258956762665091,-0.0167316963479504,"rejected","age2_M2_T4"
0.05,0.0025,0.05,FALSE,-0.0217684449609065,0,-0.0264555361604677,-0.016947230877584,"rejected","age2_M2_T4"
0,0.005,0.05,FALSE,-0.0212201190274307,0,-0.0256691549650757,-0.0165698320289467,"rejected","age2_M2_T4"
0.0025,0.005,0.05,FALSE,-0.0212469409209324,0,-0.0257013764564924,-0.0165934395299347,"rejected","age2_M2_T4"
0.005,0.005,0.05,FALSE,-0.0212740337426513,0,-0.0257339234175193,-0.0166173148705363,"rejected","age2_M2_T4"
0.01,0.005,0.05,FALSE,-0.0213290487581825,0,-0.0258000136751148,-0.0166662723151134,"rejected","age2_M2_T4"
0.02,0.005,0.05,FALSE,-0.0214425172277157,0,-0.0259575280270511,-0.0167602433388247,"rejected","age2_M2_T4"
0.05,0.005,0.05,FALSE,-0.0218131808948573,0,-0.0265086693531908,-0.0169798722803965,"rejected","age2_M2_T4"
0,0.01,0.05,FALSE,-0.0213093622358137,0,-0.0257698646017205,-0.0166409175025769,"rejected","age2_M2_T4"
0.0025,0.01,0.05,FALSE,-0.0213362564064107,0,-0.0258047483823436,-0.0166645653680436,"rejected","age2_M2_T4"
0.005,0.01,0.05,FALSE,-0.0213634222352965,0,-0.025843311372755,-0.0166884521008383,"rejected","age2_M2_T4"
0.01,0.01,0.05,FALSE,-0.0214185855000749,0,-0.0259216178532843,-0.0167372830293321,"rejected","age2_M2_T4"
0.02,0.01,0.05,FALSE,-0.0215323597336804,0,-0.026083124969376,-0.016818211208049,"rejected","age2_M2_T4"
0.05,0.01,0.05,FALSE,-0.0219040222301248,0,-0.026616562264945,-0.0170461543126383,"rejected","age2_M2_T4"
0,0.02,0.05,FALSE,-0.0214934263531036,0,-0.0260226787140261,-0.0167875312919391,"rejected","age2_M2_T4"
0.0025,0.02,0.05,FALSE,-0.0215204695952096,0,-0.0260612101651492,-0.0168112624091432,"rejected","age2_M2_T4"
0.005,0.02,0.05,FALSE,-0.0215477860013773,0,-0.0261001308228492,-0.0168352332346019,"rejected","age2_M2_T4"
0.01,0.02,0.05,FALSE,-0.021603255030228,0,-0.0261791635869544,-0.016872868596174,"rejected","age2_M2_T4"
0.02,0.02,0.05,FALSE,-0.0217176599022325,0,-0.0263421686629213,-0.0169377699383241,"rejected","age2_M2_T4"
0.05,0.02,0.05,FALSE,-0.0220913824841139,0,-0.0268746519110798,-0.017182861004137,"rejected","age2_M2_T4"
0,0.05,0.05,FALSE,-0.0220947024695842,0,-0.0268592971751796,-0.0172203476357693,"rejected","age2_M2_T4"
0.0025,0.05,0.05,FALSE,-0.0221222326786196,0,-0.026898985322314,-0.0172335810457224,"rejected","age2_M2_T4"
0.005,0.05,0.05,FALSE,-0.0221500409705745,0,-0.0269390743598235,-0.0172469481264831,"rejected","age2_M2_T4"
0.01,0.05,0.05,FALSE,-0.022206508828728,0,-0.0270204796502765,-0.0172740914843544,"rejected","age2_M2_T4"
0.02,0.05,0.05,FALSE,-0.0223229737861695,0,-0.0271883780618357,-0.0173300746599639,"rejected","age2_M2_T4"
0.05,0.05,0.05,FALSE,-0.0227034259804784,0,-0.0277368462062625,-0.0176294361963662,"rejected","age2_M2_T4"
0,0,0,TRUE,0.00126948273609056,1,0.000603252865585406,0.00253896547218112,"certified_compatible","C4_M2_T2"
0.0025,0,0,TRUE,0.00112683342958337,0.902,0.000571867347475581,0.0023692354286499,"certified_compatible","C4_M2_T2"
0.005,0,0,TRUE,0.000829989975277005,0.859,0.000176498900342782,0.00201851687644224,"certified_compatible","C4_M2_T2"
0.01,0,0,TRUE,0.000172467814172007,0.41,-0.000576564160913087,0.0014250121502499,"indeterminate","C4_M2_T2"
0.02,0,0,FALSE,-0.00188404031710714,0,-0.00288477238991083,0.000541561060800145,"indeterminate","C4_M2_T2"
0.05,0,0,FALSE,-0.0140452990630578,0,-0.0158584532671084,-0.011411520512842,"rejected","C4_M2_T2"
0,0.0025,0,TRUE,0.0012607501071762,0.971,0.000587654116904419,0.00252716398621466,"certified_compatible","C4_M2_T2"
0.0025,0.0025,0,TRUE,0.00111962960343081,0.9,0.000557649519954234,0.00239361138092914,"certified_compatible","C4_M2_T2"
0.005,0.0025,0,TRUE,0.000826776859880269,0.85,0.00017719517055011,0.0020205397288975,"certified_compatible","C4_M2_T2"
0.01,0.0025,0,TRUE,0.000168416845761811,0.408,-0.000580163099303809,0.00142638999615255,"indeterminate","C4_M2_T2"
0.02,0.0025,0,FALSE,-0.00190018730975398,0,-0.00290402234587892,0.000530065763697723,"indeterminate","C4_M2_T2"
0.05,0.0025,0,FALSE,-0.0140558563922768,0,-0.0158281712635057,-0.0114126541957388,"rejected","C4_M2_T2"
0,0.005,0,TRUE,0.00125192926988896,0.97,0.000571897805105444,0.00251544110048614,"certified_compatible","C4_M2_T2"
0.0025,0.005,0,TRUE,0.00111235301135752,0.894,0.000559077594679725,0.00238956300405582,"certified_compatible","C4_M2_T2"
0.005,0.005,0,TRUE,0.000823531288772455,0.843,0.000191341046033267,0.00202318454106378,"certified_compatible","C4_M2_T2"
0.01,0.005,0,TRUE,0.000164324958478785,0.405,-0.000585089575417252,0.00142667732599777,"indeterminate","C4_M2_T2"
0.02,0.005,0,FALSE,-0.00191649740333664,0,-0.00293525154845591,0.000518454352483154,"indeterminate","C4_M2_T2"
0.05,0.005,0,FALSE,-0.0140665203611849,0,-0.0158305592837271,-0.0113940521427279,"rejected","C4_M2_T2"
0,0.01,0,TRUE,0.00123401756968324,0.95,0.00054118375202275,0.0025016444867238,"certified_compatible","C4_M2_T2"
0.0025,0.01,0,TRUE,0.00109757707439237,0.893,0.000565907081207201,0.00239501850877488,"certified_compatible","C4_M2_T2"
0.005,0.01,0,TRUE,0.000816940792339241,0.832,0.000191585785760489,0.00205279609187866,"certified_compatible","C4_M2_T2"
0.01,0.01,0,TRUE,0.000156015922057131,0.404,-0.000590538691060908,0.00143123865654077,"indeterminate","C4_M2_T2"
0.02,0.01,0,FALSE,-0.00194961687908102,0,-0.00299866594960714,0.000494608233200596,"indeterminate","C4_M2_T2"
0.05,0.01,0,FALSE,-0.0140881747470289,0,-0.0158704354374405,-0.0113572495706202,"rejected","C4_M2_T2"
0,0.02,0,TRUE,0.00119707468800895,0.922,0.00051610941605672,0.00248910492782008,"certified_compatible","C4_M2_T2"
0.0025,0.02,0,TRUE,0.00106710170440175,0.889,0.000507452438977769,0.002415798664141,"certified_compatible","C4_M2_T2"
0.005,0.02,0,TRUE,0.000803347893445737,0.784,0.000186500447150075,0.00210293648943799,"certified_compatible","C4_M2_T2"
0.01,0.02,0,TRUE,0.000138878534437469,0.387,-0.000602593692365352,0.00144070745241168,"indeterminate","C4_M2_T2"
0.02,0.02,0,FALSE,-0.0020179257978038,0,-0.00310237172335697,0.000445125963339657,"indeterminate","C4_M2_T2"
0.05,0.02,0,FALSE,-0.014132836917832,0,-0.0158789845984851,-0.0113526198358071,"rejected","C4_M2_T2"
0,0.05,0,TRUE,0.00107639460787293,0.571,0.000644238255775689,0.00613499389947369,"certified_compatible","C4_M2_T2"
0.0025,0.05,0,TRUE,0.000967548829099039,0.487,0.000598954661231798,0.00617757090983458,"certified_compatible","C4_M2_T2"
0.005,0.05,0,TRUE,0.000758944423726955,0.392,0.000419953661272828,0.00603111616196725,"certified_compatible","C4_M2_T2"
0.01,0.05,0,TRUE,8.28964015465744e-05,0.177,-0.000473556249850854,0.00528856313695553,"indeterminate","C4_M2_T2"
0.02,0.05,0,FALSE,-0.00224106826563156,0,-0.00333439057631552,0.00175350653170626,"indeterminate","C4_M2_T2"
0.05,0.05,0,FALSE,-0.0142787333424556,0,-0.0158543020243626,-0.011242021283934,"rejected","C4_M2_T2"
0,0,0.0025,TRUE,0.00122777603218833,0.968,0.000530607624694581,0.00246586164694969,"certified_compatible","C4_M2_T2"
0.0025,0,0.0025,TRUE,0.00108607390309714,0.902,0.000512788075298011,0.00233829150153708,"certified_compatible","C4_M2_T2"
0.005,0,0.0025,TRUE,0.000822920089367109,0.834,0.000192633663153451,0.00201493941436583,"certified_compatible","C4_M2_T2"
0.01,0,0.0025,TRUE,0.000168281064979279,0.405,-0.000573953949695852,0.00142569474690626,"indeterminate","C4_M2_T2"
0.02,0,0.0025,FALSE,-0.00188580003739358,0,-0.00288770203337325,0.000546394155171683,"indeterminate","C4_M2_T2"
0.05,0,0.0025,FALSE,-0.0140664839169762,0,-0.0158890854228581,-0.0114240721966778,"rejected","C4_M2_T2"
0,0.0025,0.0025,TRUE,0.00121895864982986,0.944,0.000521323539996185,0.00245554300782036,"certified_compatible","C4_M2_T2"
0.0025,0.0025,0.0025,TRUE,0.00107878651491904,0.897,0.000498427047304405,0.00235291075011054,"certified_compatible","C4_M2_T2"
0.005,0.0025,0.0025,TRUE,0.000819745854958698,0.821,0.000193240293007434,0.00201797823013881,"certified_compatible","C4_M2_T2"
0.01,0.0025,0.0025,TRUE,0.000164264787889923,0.402,-0.000578097898945865,0.00142713607886668,"indeterminate","C4_M2_T2"
0.02,0.0025,0.0025,FALSE,-0.00190197308017206,0,-0.00290728090112614,0.000534876039348646,"indeterminate","C4_M2_T2"
0.05,0.0025,0.0025,FALSE,-0.0140770390684422,0,-0.0158660528684885,-0.0114338984578442,"rejected","C4_M2_T2"
0,0.005,0.0025,TRUE,0.00121005220300313,0.936,0.000503732015304615,0.00244794595908012,"certified_compatible","C4_M2_T2"
0.0025,0.005,0.0025,TRUE,0.00107142551675933,0.894,0.000498414961572175,0.0023502569689905,"certified_compatible","C4_M2_T2"
0.005,0.005,0.0025,TRUE,0.000816539557576466,0.809,0.000194227683613224,0.00202421510315081,"certified_compatible","C4_M2_T2"
0.01,0.005,0.0025,TRUE,0.000160207942345119,0.4,-0.000582505818387181,0.00142859196973579,"indeterminate","C4_M2_T2"
0.02,0.005,0.0025,FALSE,-0.00191830948701901,0,-0.00293856706992532,0.000523241578921334,"indeterminate","C4_M2_T2"
0.05,0.005,0.0025,FALSE,-0.0140877008375997,0,-0.0158555136210791,-0.0114227148810609,"rejected","C4_M2_T2"
0,0.01,0.0025,TRUE,0.00119196666301824,0.927,0.000483182485772042,0.00245612359453075,"certified_compatible","C4_M2_T2"
0.0025,0.01,0.0025,TRUE,0.00105647818376157,0.892,0.000493210650513533,0.00235388490452207,"certified_compatible","C4_M2_T2"
0.005,0.01,0.0025,TRUE,0.00081002881085132,0.793,0.00020277860364478,0.00204910636075109,"certified_compatible","C4_M2_T2"
0.01,0.01,0.0025,TRUE,0.00015197006210618,0.395,-0.000585177376365541,0.00143189290020333,"indeterminate","C4_M2_T2"
0.02,0.01,0.0025,FALSE,-0.00195148239480007,0,-0.00300209714738487,0.000499368738395845,"indeterminate","C4_M2_T2"
0.05,0.01,0.0025,FALSE,-0.0141093507566032,0,-0.0158958271353328,-0.0113821938276862,"rejected","C4_M2_T2"
0,0.02,0.0025,TRUE,0.0011546652367994,0.915,0.000458341835643172,0.00245114044572002,"certified_compatible","C4_M2_T2"
0.0025,0.02,0.0025,TRUE,0.00102564930945369,0.886,0.000433970241444884,0.0023784370992555,"certified_compatible","C4_M2_T2"
0.005,0.02,0.0025,TRUE,0.000796600395730708,0.751,0.000203662033184601,0.00209865185996487,"certified_compatible","C4_M2_T2"
0.01,0.02,0.0025,TRUE,0.000134979434113369,0.377,-0.000596619903532843,0.00144234321061973,"indeterminate","C4_M2_T2"
0.02,0.02,0.0025,FALSE,-0.00201990151709849,0,-0.00309930961045261,0.000447971537940591,"indeterminate","C4_M2_T2"
0.05,0.02,0.0025,FALSE,-0.0141540037145481,0,-0.0159177747381112,-0.0113694006434552,"rejected","C4_M2_T2"
0,0.05,0.0025,TRUE,0.00103281391115118,0.562,0.000572271299532385,0.00606068686492377,"certified_compatible","C4_M2_T2"
0.0025,0.05,0.0025,TRUE,0.000924941653381262,0.47,0.000535930671185468,0.0061055488232972,"certified_compatible","C4_M2_T2"
0.005,0.05,0.0025,TRUE,0.00075273423967004,0.384,0.000419288605697406,0.00602948720822334,"certified_compatible","C4_M2_T2"
0.01,0.05,0.0025,TRUE,7.94767160035207e-05,0.175,-0.000470063161072687,0.00529368464182388,"indeterminate","C4_M2_T2"
0.02,0.05,0.0025,FALSE,-0.00224340398327335,0,-0.00332932437297988,0.00176493850606138,"indeterminate","C4_M2_T2"
0.05,0.05,0.0025,FALSE,-0.0142998700438345,0,-0.0158808854750909,-0.0112728204723777,"rejected","C4_M2_T2"
0,0,0.005,TRUE,0.0011856480484487,0.938,0.000466031721030933,0.00241786179779994,"certified_compatible","C4_M2_T2"
0.0025,0,0.005,TRUE,0.00104490266422216,0.899,0.000453341973794487,0.00230972460031961,"certified_compatible","C4_M2_T2"
0.005,0,0.005,TRUE,0.000815778790468223,0.791,0.000206308969099214,0.00202807638058521,"certified_compatible","C4_M2_T2"
0.01,0,0.005,TRUE,0.000164052025390664,0.395,-0.000576605538720139,0.00142638423847835,"indeterminate","C4_M2_T2"
0.02,0,0.005,FALSE,-0.0018875775326324,0,-0.00289066126919387,0.000551276068678287,"indeterminate","C4_M2_T2"
0.05,0,0.005,FALSE,-0.014087882759318,0,-0.0159150668314357,-0.0114320008462012,"rejected","C4_M2_T2"
0,0.0025,0.005,TRUE,0.00117674505655074,0.933,0.000448373831059382,0.00241394822547306,"certified_compatible","C4_M2_T2"
0.0025,0.0025,0.005,TRUE,0.00103753086995765,0.894,0.000438837454291363,0.00230624024198212,"certified_compatible","C4_M2_T2"
0.005,0.0025,0.005,TRUE,0.000812643829785395,0.784,0.000202672784409695,0.00203019268239053,"certified_compatible","C4_M2_T2"
0.01,0.0025,0.005,TRUE,0.00016007079003953,0.392,-0.000580732552399051,0.00142788969776984,"indeterminate","C4_M2_T2"
0.02,0.0025,0.005,FALSE,-0.00190377688867517,0,-0.00291057237107284,0.000539734903642507,"indeterminate","C4_M2_T2"
0.05,0.0025,0.005,FALSE,-0.0140984357110334,0,-0.0159043171159458,-0.0114441460452787,"rejected","C4_M2_T2"
0,0.005,0.005,TRUE,0.00116775213544169,0.923,0.000430537578562866,0.00241093008677,"certified_compatible","C4_M2_T2"
0.0025,0.005,0.005,TRUE,0.0010300846131248,0.894,0.00043843994992404,0.00231453359007676,"certified_compatible","C4_M2_T2"
0.005,0.005,0.005,TRUE,0.000809477202833043,0.78,0.000208155662542894,0.00203462959201696,"certified_compatible","C4_M2_T2"
0.01,0.005,0.005,TRUE,0.0001560493401899,0.39,-0.000585090971937008,0.00142941036372084,"indeterminate","C4_M2_T2"
0.02,0.005,0.005,FALSE,-0.00192013987457696,0,-0.00294191608151058,0.000528077161182123,"indeterminate","C4_M2_T2"
0.05,0.005,0.005,FALSE,-0.0141090952582207,0,-0.0158807200224447,-0.0114491422264939,"rejected","C4_M2_T2"
0,0.01,0.005,TRUE,0.00114949099972026,0.919,0.000430959394493951,0.00241509475549898,"certified_compatible","C4_M2_T2"
0.0025,0.01,0.005,TRUE,0.00101496415282137,0.891,0.00041977991243912,0.00231299012025153,"certified_compatible","C4_M2_T2"
0.005,0.01,0.005,TRUE,0.000803047011368572,0.76,0.00020374866565238,0.00205350671665096,"certified_compatible","C4_M2_T2"
0.01,0.01,0.005,TRUE,0.000147883334882997,0.383,-0.000580216135564097,0.00143543139453955,"indeterminate","C4_M2_T2"
0.02,0.01,0.005,FALSE,-0.00195336675411224,0,-0.00300556300372601,0.000504177329502158,"indeterminate","C4_M2_T2"
0.05,0.01,0.005,FALSE,-0.0141307406652642,0,-0.0159212411960424,-0.0113968802845953,"rejected","C4_M2_T2"
0,0.02,0.005,TRUE,0.0011118274072948,0.915,0.000395438120023912,0.00241513747734386,"certified_compatible","C4_M2_T2"
0.0025,0.02,0.005,TRUE,0.000983778203445546,0.872,0.000361575015109577,0.00233352203576811,"certified_compatible","C4_M2_T2"
0.005,0.02,0.005,TRUE,0.000789784741473103,0.731,0.000215967207312694,0.00210274146490244,"certified_compatible","C4_M2_T2"
0.01,0.02,0.005,TRUE,0.000131040948937511,0.362,-0.000593473647426502,0.00143962603190771,"indeterminate","C4_M2_T2"
0.02,0.02,0.005,FALSE,-0.00202189719315373,0,-0.00310169476470082,0.000450845855719312,"indeterminate","C4_M2_T2"
0.05,0.02,0.005,FALSE,-0.0141753843172916,0,-0.0159440155439024,-0.0113864877677059,"rejected","C4_M2_T2"
0,0.05,0.005,TRUE,0.000988793005371638,0.543,0.000512164478374752,0.00598562925426728,"certified_compatible","C4_M2_T2"
0.0025,0.05,0.005,TRUE,0.000881904102151184,0.46,0.000482919632196508,0.00603279924093622,"certified_compatible","C4_M2_T2"
0.005,0.05,0.005,TRUE,0.000746461326481236,0.376,0.000410672950214507,0.00602784180040121,"certified_compatible","C4_M2_T2"
0.01,0.05,0.005,TRUE,7.60224881822544e-05,0.168,-0.000466651547992235,0.00529885787906463,"indeterminate","C4_M2_T2"
0.02,0.05,0.005,FALSE,-0.00224576329402263,0,-0.00332402772048984,0.00177648595490494,"indeterminate","C4_M2_T2"
0.05,0.05,0.005,FALSE,-0.0143212202472476,0,-0.0159075626003842,-0.0112989670918236,"rejected","C4_M2_T2"
0,0,0.01,TRUE,0.00110010244881415,0.927,0.000352543118952213,0.00234317803907624,"certified_compatible","C4_M2_T2"
0.0025,0,0.01,TRUE,0.000961299842425012,0.874,0.000314495077081173,0.00223750756555679,"certified_compatible","C4_M2_T2"
0.005,0,0.01,TRUE,0.00080127758147967,0.741,0.000230587380891166,0.00207815561209022,"certified_compatible","C4_M2_T2"
0.01,0,0.01,TRUE,0.000155464485817866,0.375,-0.000571681142057073,0.00142738085212967,"indeterminate","C4_M2_T2"
0.02,0,0.01,FALSE,-0.00189118693622959,0,-0.00289653528222034,0.00056118934202333,"indeterminate","C4_M2_T2"
0.05,0,0.01,FALSE,-0.0141313355106038,0,-0.0159785601404292,-0.0114627911263986,"rejected","C4_M2_T2"
0,0.0025,0.01,TRUE,0.00109102561713701,0.92,0.000335514175090519,0.00234578189457124,"certified_compatible","C4_M2_T2"
0.0025,0.0025,0.01,TRUE,0.000953756652127884,0.866,0.000302006633644444,0.00223525783414195,"certified_compatible","C4_M2_T2"
0.005,0.0025,0.01,TRUE,0.00079822237050491,0.739,0.00022950162236764,0.00208050235382593,"certified_compatible","C4_M2_T2"
0.01,0.0025,0.01,TRUE,0.000151554406649448,0.371,-0.000575997827946259,0.00142908119374375,"indeterminate","C4_M2_T2"
0.02,0.0025,0.01,FALSE,-0.00190743972430904,0,-0.0029172560702503,0.000549601372973918,"indeterminate","C4_M2_T2"
0.05,0.0025,0.01,FALSE,-0.0141418839954788,0,-0.0159780721038513,-0.0114551734117705,"rejected","C4_M2_T2"
0,0.005,0.01,TRUE,0.00108185710029142,0.919,0.000318313221694869,0.00233831013127521,"certified_compatible","C4_M2_T2"
0.0025,0.005,0.01,TRUE,0.000946137267989371,0.859,0.000300198647509629,0.00224321103488639,"certified_compatible","C4_M2_T2"
0.005,0.005,0.01,TRUE,0.000795136298813233,0.732,0.00023276780483531,0.00208839687647373,"certified_compatible","C4_M2_T2"
0.01,0.005,0.01,TRUE,0.000147604831731853,0.369,-0.000576397688721829,0.00143079871052564,"indeterminate","C4_M2_T2"
0.02,0.005,0.01,FALSE,-0.00192385668196505,0,-0.00294871662544393,0.00053789635373209,"indeterminate","C4_M2_T2"
0.05,0.005,0.01,FALSE,-0.0141525390307061,0,-0.0159510874749643,-0.0114675265419921,"rejected","C4_M2_T2"
0,0.01,0.01,TRUE,0.00106323939771722,0.917,0.00029341706203707,0.00234426026965497,"certified_compatible","C4_M2_T2"
0.0025,0.01,0.01,TRUE,0.000930665253259126,0.841,0.000270646616830556,0.0022347687501994,"certified_compatible","C4_M2_T2"
0.005,0.01,0.01,TRUE,0.000788869683847482,0.724,0.000235750537795674,0.0021077009179294,"certified_compatible","C4_M2_T2"
0.01,0.01,0.01,TRUE,0.000139584776542044,0.364,-0.000588198447210914,0.00143428632113377,"indeterminate","C4_M2_T2"
0.02,0.01,0.01,FALSE,-0.00195719315720532,0,-0.00301260081405139,0.000513941713483345,"indeterminate","C4_M2_T2"
0.05,0.01,0.01,FALSE,-0.0141741752757085,0,-0.0159724667489964,-0.0114269036468593,"rejected","C4_M2_T2"
0,0.02,0.01,TRUE,0.00102484038615792,0.909,0.000251790738647794,0.00234103468696239,"certified_compatible","C4_M2_T2"
0.0025,0.02,0.01,TRUE,0.000898754222877994,0.808,0.000211867617225165,0.00222722906877458,"certified_compatible","C4_M2_T2"
0.005,0.02,0.01,TRUE,0.000771394461989185,0.7,0.000249200591500522,0.0021332347385352,"certified_compatible","C4_M2_T2"
0.01,0.02,0.01,TRUE,0.000123043412713063,0.346,-0.00056475172026624,0.00144262378795182,"indeterminate","C4_M2_T2"
0.02,0.02,0.01,FALSE,-0.00202594963738836,0,-0.00310260195754418,0.000456682480596509,"indeterminate","C4_M2_T2"
0.05,0.02,0.01,FALSE,-0.0142188000310259,0,-0.0159852516743844,-0.0114411227125854,"rejected","C4_M2_T2"
0,0.05,0.01,TRUE,0.0008994036150642,0.511,0.00038832414234543,0.00583321635099543,"certified_compatible","C4_M2_T2"
0.0025,0.05,0.01,TRUE,0.000794511523632965,0.438,0.000356377940074288,0.00588507304818278,"certified_compatible","C4_M2_T2"
0.005,0.05,0.01,TRUE,0.000688559916126667,0.36,0.000316110576527333,0.00593745355039223,"certified_compatible","C4_M2_T2"
0.01,0.05,0.01,TRUE,6.90082908717238e-05,0.158,-0.000441722247036734,0.00530936271795147,"indeterminate","C4_M2_T2"
0.02,0.05,0.01,FALSE,-0.00225055413931963,0,-0.00331966141901867,0.001799934345924,"indeterminate","C4_M2_T2"
0.05,0.05,0.01,FALSE,-0.0143645742317292,0,-0.0159617334976635,-0.011357778148822,"rejected","C4_M2_T2"
0,0,0.02,TRUE,0.000923664649567879,0.869,0.000128089392170513,0.00219173812804753,"certified_compatible","C4_M2_T2"
0.0025,0,0.02,TRUE,0.000788869022468389,0.776,3.46186860507283e-05,0.00206160210571879,"certified_compatible","C4_M2_T2"
0.005,0,0.02,TRUE,0.000652711823377995,0.701,-2.91810943287112e-05,0.00197661409889448,"indeterminate","C4_M2_T2"
0.01,0,0.02,TRUE,0.00013775268544897,0.329,-0.000507756139888547,0.00143223120088187,"indeterminate","C4_M2_T2"
0.02,0,0.02,FALSE,-0.00189863133114881,0,-0.00289503630058491,0.000591220243170705,"indeterminate","C4_M2_T2"
0.05,0,0.02,FALSE,-0.0142209568101309,0,-0.0161356348254568,-0.0115151163152497,"rejected","C4_M2_T2"
0,0.0025,0.02,TRUE,0.000914229273346196,0.856,0.000128199336111573,0.00218980921452087,"certified_compatible","C4_M2_T2"
0.0025,0.0025,0.02,TRUE,0.000780972327854001,0.772,2.76873542098535e-05,0.00205914896012507,"certified_compatible","C4_M2_T2"
0.005,0.0025,0.02,TRUE,0.000646369352609359,0.697,-1.55404367553039e-05,0.00197145963141305,"indeterminate","C4_M2_T2"
0.01,0.0025,0.02,TRUE,0.000133989365907402,0.326,-0.000511068893380766,0.00143132956684403,"indeterminate","C4_M2_T2"
0.02,0.0025,0.02,FALSE,-0.0019149943228039,0,-0.00291644396494572,0.000569950965969956,"indeterminate","C4_M2_T2"
0.05,0.0025,0.02,FALSE,-0.0142314960821476,0,-0.0161227713045377,-0.0115249339853478,"rejected","C4_M2_T2"
0,0.005,0.02,TRUE,0.000904698590293991,0.846,0.00011438364115904,0.00218824460888172,"certified_compatible","C4_M2_T2"
0.0025,0.005,0.02,TRUE,0.000772995868647548,0.771,1.90488556013136e-05,0.00205766371337149,"certified_compatible","C4_M2_T2"
0.005,0.005,0.02,TRUE,0.000639962816479424,0.689,8.47096473181484e-06,0.00196692587297991,"certified_compatible","C4_M2_T2"
0.01,0.005,0.02,TRUE,0.000130188033037132,0.322,-0.000517115580752706,0.00143323186557169,"indeterminate","C4_M2_T2"
0.02,0.005,0.02,FALSE,-0.00193152259720299,0,-0.00294656828382048,0.000558148438366397,"indeterminate","C4_M2_T2"
0.05,0.005,0.02,FALSE,-0.0142421418114574,0,-0.016098424692397,-0.0115115444754828,"rejected","C4_M2_T2"
0,0.01,0.02,TRUE,0.000885345468585941,0.831,8.32482238451572e-05,0.00218511865198633,"certified_compatible","C4_M2_T2"
0.0025,0.01,0.02,TRUE,0.000756798772911996,0.766,6.56248135107824e-06,0.00206582393119138,"certified_compatible","C4_M2_T2"
0.005,0.01,0.02,TRUE,0.000626953625766596,0.676,-9.47529289505706e-06,0.00197080601268725,"indeterminate","C4_M2_T2"
0.01,0.01,0.02,TRUE,0.000122468999963828,0.313,-0.000506921424931232,0.00143373340774737,"indeterminate","C4_M2_T2"
0.02,0.01,0.02,FALSE,-0.00196508511358479,0,-0.00300773909459676,0.000534080755444539,"indeterminate","C4_M2_T2"
0.05,0.01,0.02,FALSE,-0.0142637591597498,0,-0.0160781194519641,-0.0115150245756128,"rejected","C4_M2_T2"
0,0.02,0.02,TRUE,0.00084542965506309,0.806,2.68757913563411e-05,0.00218980196697086,"certified_compatible","C4_M2_T2"
0.0025,0.02,0.02,TRUE,0.00072339226295742,0.755,-4.20405868356663e-05,0.00207460266577991,"indeterminate","C4_M2_T2"
0.005,0.02,0.02,TRUE,0.000600122169921389,0.642,-3.08997113906933e-05,0.0019806996860956,"indeterminate","C4_M2_T2"
0.01,0.02,0.02,TRUE,0.000106548494250139,0.302,-0.000518046440904188,0.00147134816579133,"indeterminate","C4_M2_T2"
0.02,0.02,0.02,FALSE,-0.00203430780362227,0,-0.00311531222504775,0.000469389397699627,"indeterminate","C4_M2_T2"
0.05,0.02,0.02,FALSE,-0.0143083449406028,0,-0.0161218589831304,-0.0115097821341706,"rejected","C4_M2_T2"
0,0.05,0.02,TRUE,0.000715037997555109,0.475,4.03521574912035e-05,0.00551886473799725,"certified_compatible","C4_M2_T2"
0.0025,0.05,0.02,TRUE,0.000614264330439138,0.412,0.000108736359244042,0.00558038777562883,"certified_compatible","C4_M2_T2"
0.005,0.05,0.02,TRUE,0.000512472747493713,0.325,5.35546449757504e-05,0.00564253225808497,"certified_compatible","C4_M2_T2"
0.01,0.05,0.02,TRUE,5.45415089187545e-05,0.144,-0.000430526248344105,0.00533102894815556,"indeterminate","C4_M2_T2"
0.02,0.05,0.02,FALSE,-0.00226043525774471,0,-0.00331776847308941,0.00184829665240083,"indeterminate","C4_M2_T2"
0.05,0.05,0.02,FALSE,-0.0144539918247226,0,-0.0160936044812274,-0.0114305965181264,"rejected","C4_M2_T2"
0,0,0.05,TRUE,0.000347301172030075,0.649,-0.000649048795159174,0.00170403744099523,"indeterminate","C4_M2_T2"
0.0025,0,0.05,TRUE,0.000225595010610087,0.56,-0.000727831981309477,0.00158860720882591,"indeterminate","C4_M2_T2"
0.005,0,0.05,TRUE,0.000102659494024241,0.43,-0.000799166980305296,0.00147681294140696,"indeterminate","C4_M2_T2"
0.01,0,0.05,FALSE,-0.000146974871287835,0.164,-0.00085515163530499,0.0012865970827069,"indeterminate","C4_M2_T2"
0.02,0,0.05,FALSE,-0.00192294968788493,0,-0.00279236221591605,0.000690950944128409,"indeterminate","C4_M2_T2"
0.05,0,0.05,FALSE,-0.0145137197219193,0,-0.0166657014411631,-0.0116877759859293,"rejected","C4_M2_T2"
0,0.0025,0.05,TRUE,0.000336694550296196,0.639,-0.000664516390674961,0.00169484179126496,"indeterminate","C4_M2_T2"
0.0025,0.0025,0.05,TRUE,0.000216543535225981,0.555,-0.000727813445537124,0.00158330107149128,"indeterminate","C4_M2_T2"
0.005,0.0025,0.05,TRUE,9.51788735388959e-05,0.426,-0.000803888227926611,0.00147379401713521,"indeterminate","C4_M2_T2"
0.01,0.0025,0.05,FALSE,-0.000151265694580798,0.16,-0.000861396391473232,0.00128292718857355,"indeterminate","C4_M2_T2"
0.02,0.0025,0.05,FALSE,-0.00193967267788712,0,-0.00281754126961088,0.000668871219024924,"indeterminate","C4_M2_T2"
0.05,0.0025,0.05,FALSE,-0.0145242288985989,0,-0.0166402602752953,-0.0116974679850928,"rejected","C4_M2_T2"
0,0.005,0.05,TRUE,0.000325980790969045,0.633,-0.000679331251972021,0.00168472489992863,"indeterminate","C4_M2_T2"
0.0025,0.005,0.05,TRUE,0.000207400630797592,0.549,-0.000743559013173677,0.00157753926591661,"indeterminate","C4_M2_T2"
0.005,0.005,0.05,TRUE,8.76226912304669e-05,0.42,-0.000810115786257131,0.0014695864629697,"indeterminate","C4_M2_T2"
0.01,0.005,0.05,FALSE,-0.000155599859523184,0.156,-0.000847370716826644,0.00128077800334177,"indeterminate","C4_M2_T2"
0.02,0.005,0.05,FALSE,-0.00195656458698023,0,-0.00284606191954785,0.000646568466395145,"indeterminate","C4_M2_T2"
0.05,0.005,0.05,FALSE,-0.0145348442285782,0,-0.0166200269438871,-0.0117072578832378,"rejected","C4_M2_T2"
0,0.01,0.05,TRUE,0.000304225300090443,0.615,-0.000717493773526463,0.00166695314775733,"indeterminate","C4_M2_T2"
0.0025,0.01,0.05,TRUE,0.000188834937111371,0.539,-0.000764567808974854,0.00156734938328026,"indeterminate","C4_M2_T2"
0.005,0.01,0.05,TRUE,7.22790149102894e-05,0.408,-0.000817887113993519,0.00145621839834174,"indeterminate","C4_M2_T2"
0.01,0.01,0.05,FALSE,-0.000164400867926602,0.154,-0.000859208298266409,0.00127840973212908,"indeterminate","C4_M2_T2"
0.02,0.01,0.05,FALSE,-0.00199086550442442,0,-0.00290495914935024,0.00062026026434665,"indeterminate","C4_M2_T2"
0.05,0.01,0.05,FALSE,-0.0145563998476179,0,-0.0165701381910593,-0.0117275178158672,"rejected","C4_M2_T2"
0,0.02,0.05,TRUE,0.000259354600153326,0.591,-0.000780312014546959,0.00165880504222628,"indeterminate","C4_M2_T2"
0.0025,0.02,0.05,TRUE,0.000150543193883543,0.504,-0.000832871391721663,0.00155611284841048,"indeterminate","C4_M2_T2"
0.005,0.02,0.05,TRUE,4.06326824999234e-05,0.377,-0.000848108716572914,0.00145222525725988,"indeterminate","C4_M2_T2"
0.01,0.02,0.05,FALSE,-0.00018255294775865,0.149,-0.000847609518880543,0.00127224029457325,"indeterminate","C4_M2_T2"
0.02,0.02,0.05,FALSE,-0.00206161114665306,0,-0.00302768606494846,0.000539801721754001,"indeterminate","C4_M2_T2"
0.05,0.02,0.05,FALSE,-0.0146008583118874,0,-0.0165144830077864,-0.0117246283666043,"rejected","C4_M2_T2"
0,0.05,0.05,TRUE,0.000112776980358744,0.315,-0.000899447078656273,0.00449198280220318,"indeterminate","C4_M2_T2"
0.0025,0.05,0.05,TRUE,2.54568326726353e-05,0.244,-0.00089748888732509,0.00458508255195257,"indeterminate","C4_M2_T2"
0.005,0.05,0.05,FALSE,-6.27453367072722e-05,0.178,-0.000808797328871944,0.00467912270321458,"indeterminate","C4_M2_T2"
0.01,0.05,0.05,FALSE,-0.000241849741876676,0.068,-0.000772022073070529,0.00490353910732415,"indeterminate","C4_M2_T2"
0.02,0.05,0.05,FALSE,-0.00229271357793329,0,-0.00324898062006867,0.00200628018689178,"indeterminate","C4_M2_T2"
0.05,0.05,0.05,FALSE,-0.0147460892951676,0,-0.0165286939328323,-0.0117150924642077,"rejected","C4_M2_T2"
