"alpha","eta","delta","compatible","minimum_canonical_coordinate","negative_coordinate_count","observable_witness_bits","conditional_entropy_y_given_t_c_bits","sharp_lower_bits","sharp_upper_bits","lower_minus_witness_bits","design_id"
0,0,0,TRUE,0.00144459064519382,0,0.0349048889324322,0.441239985466228,0.0349048889324324,0.441239985466228,1.38777878078145e-16,"C1_M2_T4"
0.0025,0,0,TRUE,0.00141493407549841,0,0.0349048889324322,0.441239985466228,0.0349048889324324,0.416028119573293,1.38777878078145e-16,"C1_M2_T4"
0.005,0,0,TRUE,0.00138497794449294,0,0.0349048889324322,0.441239985466228,0.0349048889324324,0.395825293132434,1.38777878078145e-16,"C1_M2_T4"
0.01,0,0,TRUE,0.000870188530853828,0,0.0349048889324322,0.441239985466228,0.0349048889324324,0.360446849570317,1.38777878078145e-16,"C1_M2_T4"
0.02,0,0,FALSE,-0.000361045217768635,1,0.0349048889324322,0.441239985466228,NA,NA,NA,"C1_M2_T4"
0.05,0,0,FALSE,-0.00530542987438714,4,0.0349048889324322,0.441239985466228,NA,NA,NA,"C1_M2_T4"
0,0.0025,0,TRUE,0.00144360457344065,0,0.0349048889324322,0.441239985466228,0.0353436956881203,0.441239985466228,0.000438806755688054,"C1_M2_T4"
0.0025,0.0025,0,TRUE,0.00141422283593779,0,0.0349048889324322,0.441239985466228,0.0353436956881203,0.416028119573293,0.000438806755688054,"C1_M2_T4"
0.005,0.0025,0,TRUE,0.00138454431320762,0,0.0349048889324322,0.441239985466228,0.0353436956881203,0.395825293132434,0.000438806755688054,"C1_M2_T4"
0.01,0.0025,0,TRUE,0.000847278077813207,0,0.0349048889324322,0.441239985466228,0.0353436956881203,0.360446849570317,0.000438806755688054,"C1_M2_T4"
0.02,0.0025,0,FALSE,-0.000385831948944527,1,0.0349048889324322,0.441239985466228,NA,NA,NA,"C1_M2_T4"
0.05,0.0025,0,FALSE,-0.00538324816923024,4,0.0349048889324322,0.441239985466228,NA,NA,NA,"C1_M2_T4"
0,0.005,0,TRUE,0.00144260854136674,0,0.0349048889324322,0.441239985466228,0.035792553266697,0.441239985466228,0.000887664334264765,"C1_M2_T4"
0.0025,0.005,0,TRUE,0.00141350441213918,0,0.0349048889324322,0.441239985466228,0.035792553266697,0.416028119573293,0.000887664334264765,"C1_M2_T4"
0.005,0.005,0,TRUE,0.00138410630180831,0,0.0349048889324322,0.441239985466228,0.035792553266697,0.395825293132434,0.000887664334264765,"C1_M2_T4"
0.01,0.005,0,TRUE,0.000824136206055005,0,0.0349048889324322,0.441239985466228,0.035792553266697,0.360446849570317,0.000887664334264765,"C1_M2_T4"
0.02,0.005,0,FALSE,-0.000410869051142398,1,0.0349048889324322,0.441239985466228,NA,NA,NA,"C1_M2_T4"
0.05,0.005,0,FALSE,-0.00546185250745558,4,0.0349048889324322,0.441239985466228,NA,NA,NA,"C1_M2_T4"
0,0.01,0,TRUE,0.00144058598644116,0,0.0349048889324322,0.441239985466228,0.0367221369918841,0.441239985466228,0.00181724805945191,"C1_M2_T4"
0.0025,0.01,0,TRUE,0.0014120455719767,0,0.0349048889324322,0.441239985466228,0.0367221369918841,0.416028119573293,0.00181724805945191,"C1_M2_T4"
0.005,0.01,0,TRUE,0.00137780039441905,0,0.0349048889324322,0.441239985466228,0.0367221369918841,0.395825293132434,0.00181724805945191,"C1_M2_T4"
0.01,0.01,0,TRUE,0.000777144037892941,0,0.0349048889324322,0.441239985466228,0.0367221369918841,0.360446849570317,0.00181724805945191,"C1_M2_T4"
0.02,0.01,0,FALSE,-0.000461709697442156,1,0.0349048889324322,0.441239985466228,NA,NA,NA,"C1_M2_T4"
0.05,0.01,0,FALSE,-0.00562146743915807,4,0.0349048889324322,0.441239985466228,NA,NA,NA,"C1_M2_T4"
0,0.02,0,TRUE,0.00143641446690714,0,0.0349048889324322,0.441239985466228,0.038722892425017,0.441239985466228,0.00381800349258474,"C1_M2_T4"
0.0025,0.02,0,TRUE,0.00130046785080744,0,0.0349048889324322,0.441239985466228,0.038722892425017,0.416028119573293,0.00381800349258474,"C1_M2_T4"
0.005,0.02,0,TRUE,0.00114073352418307,0,0.0349048889324322,0.441239985466228,0.038722892425017,0.395825293132434,0.00381800349258474,"C1_M2_T4"
0.01,0.02,0,TRUE,0.000680222691058685,0,0.0349048889324322,0.441239985466228,0.038722892425017,0.360446849570317,0.00381800349258474,"C1_M2_T4"
0.02,0.02,0,FALSE,-0.000566568530435408,1,0.0349048889324322,0.441239985466228,NA,NA,NA,"C1_M2_T4"
0.05,0.02,0,FALSE,-0.00595067323579444,4,0.0349048889324322,0.441239985466228,NA,NA,NA,"C1_M2_T4"
0,0.05,0,TRUE,0.000408034777441646,0,0.0349048889324322,0.441239985466228,0.0463702693572897,0.441239985466228,0.0114653804248574,"C1_M2_T4"
0.0025,0.05,0,TRUE,0.000252781969438007,0,0.0349048889324322,0.441239985466228,0.0463702693572897,0.416028119573293,0.0114653804248574,"C1_M2_T4"
0.005,0.05,0,TRUE,9.59609512525121e-05,0,0.0349048889324322,0.441239985466228,0.0463702693572897,0.395825293132434,0.0114653804248574,"C1_M2_T4"
0.01,0.05,0,FALSE,-0.000222481728532318,1,0.0349048889324322,0.441239985466228,NA,NA,NA,"C1_M2_T4"
0.02,0.05,0,FALSE,-0.000909107384880031,2,0.0349048889324322,0.441239985466228,NA,NA,NA,"C1_M2_T4"
0.05,0.05,0,FALSE,-0.00702607883813994,4,0.0349048889324322,0.441239985466228,NA,NA,NA,"C1_M2_T4"
0,0,0.0025,TRUE,0.00125658645921243,0,0.0349048889324322,0.441239985466228,0.0349899320921143,0.441239985466228,8.504315968208e-05,"C1_M2_T4"
0.0025,0,0.0025,TRUE,0.0012287862885421,0,0.0349048889324322,0.441239985466228,0.0349899320921143,0.416028119573293,8.504315968208e-05,"C1_M2_T4"
0.005,0,0.0025,TRUE,0.00120070530806702,0,0.0349048889324322,0.441239985466228,0.0349899320921143,0.395825293132434,8.504315968208e-05,"C1_M2_T4"
0.01,0,0.0025,TRUE,0.000856159875293348,0,0.0349048889324322,0.441239985466228,0.0349899320921143,0.360446849570317,8.504315968208e-05,"C1_M2_T4"
0.02,0,0.0025,FALSE,-0.000374840250640807,1,0.0349048889324322,0.441239985466228,NA,NA,NA,"C1_M2_T4"
0.05,0,0.0025,FALSE,-0.00532777845103427,4,0.0349048889324322,0.441239985466228,NA,NA,NA,"C1_M2_T4"
0,0.0025,0.0025,TRUE,0.00125516928628965,0,0.0349048889324322,0.441239985466228,0.0354277804057518,0.441239985466228,0.000522891473319548,"C1_M2_T4"
0.0025,0.0025,0.0025,TRUE,0.00122764461566395,0,0.0349048889324322,0.441239985466228,0.0354277804057518,0.416028119573293,0.000522891473319548,"C1_M2_T4"
0.005,0.0025,0.0025,TRUE,0.00119984191806224,0,0.0349048889324322,0.441239985466228,0.0354277804057518,0.395825293132434,0.000522891473319548,"C1_M2_T4"
0.01,0.0025,0.0025,TRUE,0.00083344770638205,0,0.0349048889324322,0.441239985466228,0.0354277804057518,0.360446849570317,0.000522891473319548,"C1_M2_T4"
0.02,0.0025,0.0025,FALSE,-0.000399438731243818,1,0.0349048889324322,0.441239985466228,NA,NA,NA,"C1_M2_T4"
0.05,0.0025,0.0025,FALSE,-0.00540591503308809,4,0.0349048889324322,0.441239985466228,NA,NA,NA,"C1_M2_T4"
0,0.005,0.0025,TRUE,0.00125373779848887,0,0.0349048889324322,0.441239985466228,0.0358757151846869,0.441239985466228,0.000970826252254614,"C1_M2_T4"
0.0025,0.005,0.0025,TRUE,0.00122649141073653,0,0.0349048889324322,0.441239985466228,0.0358757151846869,0.416028119573293,0.000970826252254614,"C1_M2_T4"
0.005,0.005,0.0025,TRUE,0.00119896980694629,0,0.0349048889324322,0.441239985466228,0.0358757151846869,0.395825293132434,0.000970826252254614,"C1_M2_T4"
0.01,0.005,0.0025,TRUE,0.000810506121623162,0,0.0349048889324322,0.441239985466228,0.0358757151846869,0.360446849570317,0.000970826252254614,"C1_M2_T4"
0.02,0.005,0.0025,FALSE,-0.00042428568134787,1,0.0349048889324322,0.441239985466228,NA,NA,NA,"C1_M2_T4"
0.05,0.005,0.0025,FALSE,-0.00548484087354651,4,0.0349048889324322,0.441239985466228,NA,NA,NA,"C1_M2_T4"
0,0.01,0.0025,TRUE,0.00125083100183218,0,0.0349048889324322,0.441239985466228,0.0368035854777985,0.441239985466228,0.00189869654536626,"C1_M2_T4"
0.0025,0.01,0.0025,TRUE,0.00122414969869004,0,0.0349048889324322,0.441239985466228,0.0368035854777985,0.416028119573293,0.00189869654536626,"C1_M2_T4"
0.005,0.01,0.0025,TRUE,0.00119719888743534,0,0.0349048889324322,0.441239985466228,0.0368035854777985,0.395825293132434,0.00189869654536626,"C1_M2_T4"
0.01,0.01,0.0025,TRUE,0.000763920658694402,0,0.0349048889324322,0.441239985466228,0.0368035854777985,0.360446849570317,0.00189869654536626,"C1_M2_T4"
0.02,0.01,0.0025,FALSE,-0.000474740202477526,1,0.0349048889324322,0.441239985466228,NA,NA,NA,"C1_M2_T4"
0.05,0.01,0.0025,FALSE,-0.00564510865162023,4,0.0349048889324322,0.441239985466228,NA,NA,NA,"C1_M2_T4"
0,0.02,0.0025,TRUE,0.00124483573372776,0,0.0349048889324322,0.441239985466228,0.0388016850144112,0.441239985466228,0.00389679608197893,"C1_M2_T4"
0.0025,0.02,0.0025,TRUE,0.00121931991759414,0,0.0349048889324322,0.441239985466228,0.0388016850144112,0.416028119573293,0.00389679608197893,"C1_M2_T4"
0.005,0.02,0.0025,TRUE,0.0011268215549816,0,0.0349048889324322,0.441239985466228,0.0388016850144112,0.395825293132434,0.00389679608197893,"C1_M2_T4"
0.01,0.02,0.0025,TRUE,0.000667838141403834,0,0.0349048889324322,0.441239985466228,0.0388016850144112,0.360446849570317,0.00389679608197893,"C1_M2_T4"
0.02,0.02,0.0025,FALSE,-0.000578802652307441,1,0.0349048889324322,0.441239985466228,NA,NA,NA,"C1_M2_T4"
0.05,0.02,0.0025,FALSE,-0.00597566094389727,4,0.0349048889324322,0.441239985466228,NA,NA,NA,"C1_M2_T4"
0,0.05,0.0025,TRUE,0.000386486280121391,0,0.0349048889324322,0.441239985466228,0.0464632739393602,0.441239985466228,0.011558385006928,"C1_M2_T4"
0.0025,0.05,0.0025,TRUE,0.000232706913401368,0,0.0349048889324322,0.441239985466228,0.0464632739393602,0.416028119573293,0.011558385006928,"C1_M2_T4"
0.005,0.05,0.0025,TRUE,7.73742197447784e-05,0,0.0349048889324322,0.441239985466228,0.0464632739393602,0.395825293132434,0.011558385006928,"C1_M2_T4"
0.01,0.05,0.0025,FALSE,-0.000238046250027275,1,0.0349048889324322,0.441239985466228,NA,NA,NA,"C1_M2_T4"
0.02,0.05,0.0025,FALSE,-0.000918739988418499,2,0.0349048889324322,0.441239985466228,NA,NA,NA,"C1_M2_T4"
0.05,0.05,0.0025,FALSE,-0.00705546509866893,4,0.0349048889324322,0.441239985466228,NA,NA,NA,"C1_M2_T4"
0,0,0.005,TRUE,0.00106474545310896,0,0.0349048889324322,0.441239985466228,0.0350865649089267,0.441239985466228,0.000181675976494461,"C1_M2_T4"
0.0025,0,0.005,TRUE,0.00103883956715811,0,0.0349048889324322,0.441239985466228,0.0350865649089267,0.416028119573293,0.000181675976494461,"C1_M2_T4"
0.005,0,0.005,TRUE,0.00101267200559159,0,0.0349048889324322,0.441239985466228,0.0350865649089267,0.395825293132434,0.000181675976494461,"C1_M2_T4"
0.01,0,0.005,TRUE,0.000841844920639797,0,0.0349048889324322,0.441239985466228,0.0350865649089267,0.360446849570317,0.000181675976494461,"C1_M2_T4"
0.02,0,0.005,FALSE,-0.000388916814796085,1,0.0349048889324322,0.441239985466228,NA,NA,NA,"C1_M2_T4"
0.05,0,0.005,FALSE,-0.00535058312108235,4,0.0349048889324322,0.441239985466228,NA,NA,NA,"C1_M2_T4"
0,0.0025,0.005,TRUE,0.00106288838103353,0,0.0349048889324322,0.441239985466228,0.0355233554422811,0.441239985466228,0.000618466509848842,"C1_M2_T4"
0.0025,0.0025,0.005,TRUE,0.00103725867660902,0,0.0349048889324322,0.441239985466228,0.0355233554422811,0.416028119573293,0.000618466509848842,"C1_M2_T4"
0.005,0.0025,0.005,TRUE,0.00101137008628123,0,0.0349048889324322,0.441239985466228,0.0355233554422811,0.395825293132434,0.000618466509848842,"C1_M2_T4"
0.01,0.0025,0.005,TRUE,0.000819335082472705,0,0.0349048889324322,0.441239985466228,0.0355233554422811,0.360446849570317,0.000618466509848842,"C1_M2_T4"
0.02,0.0025,0.005,FALSE,-0.000413323202977789,1,0.0349048889324322,0.441239985466228,NA,NA,NA,"C1_M2_T4"
0.05,0.0025,0.005,FALSE,-0.00542904448600428,4,0.0349048889324322,0.441239985466228,NA,NA,NA,"C1_M2_T4"
0,0.005,0.005,TRUE,0.00106101255065431,0,0.0349048889324322,0.441239985466228,0.0359702662596345,0.441239985466228,0.00106537732720227,"C1_M2_T4"
0.0025,0.005,0.005,TRUE,0.00103566181746853,0,0.0349048889324322,0.441239985466228,0.0359702662596345,0.416028119573293,0.00106537732720227,"C1_M2_T4"
0.005,0.005,0.005,TRUE,0.00101005501627077,0,0.0349048889324322,0.441239985466228,0.0359702662596345,0.395825293132434,0.00106537732720227,"C1_M2_T4"
0.01,0.005,0.005,TRUE,0.000796597872202915,0,0.0349048889324322,0.441239985466228,0.0359702662596345,0.360446849570317,0.00106537732720227,"C1_M2_T4"
0.02,0.005,0.005,FALSE,-0.000437976120333046,1,0.0349048889324322,0.441239985466228,NA,NA,NA,"C1_M2_T4"
0.05,0.005,0.005,FALSE,-0.00550829838996582,4,0.0349048889324322,0.441239985466228,NA,NA,NA,"C1_M2_T4"
0,0.01,0.005,TRUE,0.0010572034665169,0,0.0349048889324322,0.441239985466228,0.0368962160056134,0.441239985466228,0.00199132707318114,"C1_M2_T4"
0.0025,0.01,0.005,TRUE,0.00103241921574446,0,0.0349048889324322,0.441239985466228,0.0368962160056134,0.416028119573293,0.00199132707318114,"C1_M2_T4"
0.005,0.01,0.005,TRUE,0.00100738461900462,0,0.0349048889324322,0.441239985466228,0.0368962160056134,0.395825293132434,0.00199132707318114,"C1_M2_T4"
0.01,0.01,0.005,TRUE,0.00075042741461426,0,0.0349048889324322,0.441239985466228,0.0368962160056134,0.360446849570317,0.00199132707318114,"C1_M2_T4"
0.02,0.01,0.005,FALSE,-0.000488036636187087,1,0.0349048889324322,0.441239985466228,NA,NA,NA,"C1_M2_T4"
0.05,0.01,0.005,FALSE,-0.0056692323378061,4,0.0349048889324322,0.441239985466228,NA,NA,NA,"C1_M2_T4"
0,0.02,0.005,TRUE,0.0010493472304835,0,0.0349048889324322,0.441239985466228,0.0388912348028623,0.441239985466228,0.00398634587043004,"C1_M2_T4"
0.0025,0.02,0.005,TRUE,0.00102573134968857,0,0.0349048889324322,0.441239985466228,0.0388912348028623,0.416028119573293,0.00398634587043004,"C1_M2_T4"
0.005,0.02,0.005,TRUE,0.00100187692464319,0,0.0349048889324322,0.441239985466228,0.0388912348028623,0.395825293132434,0.00398634587043004,"C1_M2_T4"
0.01,0.02,0.005,TRUE,0.000655200845837659,0,0.0349048889324322,0.441239985466228,0.0388912348028623,0.360446849570317,0.00398634587043004,"C1_M2_T4"
0.02,0.02,0.005,FALSE,-0.000591286450136047,1,0.0349048889324322,0.441239985466228,NA,NA,NA,"C1_M2_T4"
0.05,0.02,0.005,FALSE,-0.00600115860522668,4,0.0349048889324322,0.441239985466228,NA,NA,NA,"C1_M2_T4"
0,0.05,0.005,TRUE,0.000364498017549702,0,0.0349048889324322,0.441239985466228,0.0465668831945293,0.441239985466228,0.011661994262097,"C1_M2_T4"
0.0025,0.05,0.005,TRUE,0.000212222162343573,0,0.0349048889324322,0.441239985466228,0.0465668831945293,0.416028119573293,0.011661994262097,"C1_M2_T4"
0.005,0.05,0.005,TRUE,5.84081671858664e-05,0,0.0349048889324322,0.441239985466228,0.0465668831945293,0.395825293132434,0.011661994262097,"C1_M2_T4"
0.01,0.05,0.005,FALSE,-0.000253928414818047,1,0.0349048889324322,0.441239985466228,NA,NA,NA,"C1_M2_T4"
0.02,0.05,0.005,FALSE,-0.000928569175702649,2,0.0349048889324322,0.441239985466228,NA,NA,NA,"C1_M2_T4"
0.05,0.05,0.005,FALSE,-0.00708545107880056,4,0.0349048889324322,0.441239985466228,NA,NA,NA,"C1_M2_T4"
0,0,0.01,TRUE,0.000669073378020569,0,0.0349048889324322,0.441239985466228,0.0353365164827755,0.441239985466228,0.000431627550343233,"C1_M2_T4"
0.0025,0,0.01,TRUE,0.000647074454303634,0,0.0349048889324322,0.441239985466228,0.0353365164827755,0.416028119573293,0.000431627550343233,"C1_M2_T4"
0.005,0,0.01,TRUE,0.000624853319236023,0,0.0349048889324322,0.441239985466228,0.0353365164827755,0.395825293132434,0.000431627550343233,"C1_M2_T4"
0.01,0,0.01,TRUE,0.000579730810272201,0,0.0349048889324322,0.441239985466228,0.0353365164827755,0.360446849570317,0.000431627550343233,"C1_M2_T4"
0.02,0,0.01,FALSE,-0.000417949728366347,1,0.0349048889324322,0.441239985466228,NA,NA,NA,"C1_M2_T4"
0.05,0,0.01,FALSE,-0.00539761775305652,4,0.0349048889324322,0.441239985466228,NA,NA,NA,"C1_M2_T4"
0,0.0025,0.01,TRUE,0.000666309013942778,0,0.0349048889324322,0.441239985466228,0.0357709024867567,0.441239985466228,0.000866013554324502,"C1_M2_T4"
0.0025,0.0025,0.01,TRUE,0.000644587677308222,0,0.0349048889324322,0.441239985466228,0.0357709024867567,0.416028119573293,0.000866013554324502,"C1_M2_T4"
0.005,0.0025,0.01,TRUE,0.000622646933232913,0,0.0349048889324322,0.441239985466228,0.0357709024867567,0.395825293132434,0.000866013554324502,"C1_M2_T4"
0.01,0.0025,0.01,TRUE,0.000578093789651418,0,0.0349048889324322,0.441239985466228,0.0357709024867567,0.360446849570317,0.000866013554324502,"C1_M2_T4"
0.02,0.0025,0.01,FALSE,-0.000441959925929104,1,0.0349048889324322,0.441239985466228,NA,NA,NA,"C1_M2_T4"
0.05,0.0025,0.01,FALSE,-0.00547674898264391,4,0.0349048889324322,0.441239985466228,NA,NA,NA,"C1_M2_T4"
0,0.005,0.01,TRUE,0.000663516726995515,0,0.0349048889324322,0.441239985466228,0.0362154655094485,0.441239985466228,0.0013105765770163,"C1_M2_T4"
0.0025,0.005,0.01,TRUE,0.000642075781353261,0,0.0349048889324322,0.441239985466228,0.0362154655094485,0.416028119573293,0.0013105765770163,"C1_M2_T4"
0.005,0.005,0.01,TRUE,0.000620418260502499,0,0.0349048889324322,0.441239985466228,0.0362154655094485,0.395825293132434,0.0013105765770163,"C1_M2_T4"
0.01,0.005,0.01,TRUE,0.000576440233468809,0,0.0349048889324322,0.441239985466228,0.0362154655094485,0.360446849570317,0.0013105765770163,"C1_M2_T4"
0.02,0.005,0.01,FALSE,-0.00046621265073997,1,0.0349048889324322,0.441239985466228,NA,NA,NA,"C1_M2_T4"
0.05,0.005,0.01,FALSE,-0.00555667951758066,4,0.0349048889324322,0.441239985466228,NA,NA,NA,"C1_M2_T4"
0,0.01,0.01,TRUE,0.000657846674929134,0,0.0349048889324322,0.441239985466228,0.0371369422996168,0.441239985466228,0.00223205336718454,"C1_M2_T4"
0.0025,0.01,0.01,TRUE,0.000636975094669206,0,0.0349048889324322,0.441239985466228,0.0371369422996168,0.416028119573293,0.00223205336718454,"C1_M2_T4"
0.005,0.01,0.01,TRUE,0.00061589269036625,0,0.0349048889324322,0.441239985466228,0.0371369422996168,0.395825293132434,0.00223205336718454,"C1_M2_T4"
0.01,0.01,0.01,TRUE,0.000573082502036776,0,0.0349048889324322,0.441239985466228,0.0371369422996168,0.360446849570317,0.00223205336718454,"C1_M2_T4"
0.02,0.01,0.01,FALSE,-0.000515460530713056,1,0.0349048889324322,0.441239985466228,NA,NA,NA,"C1_M2_T4"
0.05,0.01,0.01,FALSE,-0.00571898744056447,4,0.0349048889324322,0.441239985466228,NA,NA,NA,"C1_M2_T4"
0,0.02,0.01,TRUE,0.000646152192542221,0,0.0349048889324322,0.441239985466228,0.0391244224634394,0.441239985466228,0.00421953353100721,"C1_M2_T4"
0.0025,0.02,0.01,TRUE,0.000626454928383344,0,0.0349048889324322,0.441239985466228,0.0391244224634394,0.416028119573293,0.00421953353100721,"C1_M2_T4"
0.005,0.02,0.01,TRUE,0.000606558701960235,0,0.0349048889324322,0.441239985466228,0.0391244224634394,0.395825293132434,0.00421953353100721,"C1_M2_T4"
0.01,0.02,0.01,TRUE,0.000566157180958208,0,0.0349048889324322,0.441239985466228,0.0391244224634394,0.360446849570317,0.00421953353100721,"C1_M2_T4"
0.02,0.02,0.01,FALSE,-0.000617034283157545,1,0.0349048889324322,0.441239985466228,NA,NA,NA,"C1_M2_T4"
0.05,0.02,0.01,FALSE,-0.00605374753171859,4,0.0349048889324322,0.441239985466228,NA,NA,NA,"C1_M2_T4"
0,0.05,0.01,TRUE,0.000319147225995593,0,0.0349048889324322,0.441239985466228,0.0468270469103887,0.441239985466228,0.0119221579779565,"C1_M2_T4"
0.0025,0.05,0.01,TRUE,0.000169972363286871,0,0.0349048889324322,0.441239985466228,0.0468270469103887,0.416028119573293,0.0119221579779565,"C1_M2_T4"
0.005,0.05,0.01,TRUE,1.92906837831104e-05,0,0.0349048889324322,0.441239985466228,0.0468270469103887,0.395825293132434,0.0119221579779565,"C1_M2_T4"
0.01,0.05,0.01,FALSE,-0.000286685379699015,1,0.0349048889324322,0.441239985466228,NA,NA,NA,"C1_M2_T4"
0.02,0.05,0.01,FALSE,-0.00094884187447621,2,0.0349048889324322,0.441239985466228,NA,NA,NA,"C1_M2_T4"
0.05,0.05,0.01,FALSE,-0.00714729716282204,4,0.0349048889324322,0.441239985466228,NA,NA,NA,"C1_M2_T4"
0,0,0.02,FALSE,-0.000173880173254703,1,0.0349048889324322,0.441239985466228,NA,NA,NA,"C1_M2_T4"
0.0025,0,0.02,FALSE,-0.000187555568734163,1,0.0349048889324322,0.441239985466228,NA,NA,NA,"C1_M2_T4"
0.005,0,0.02,FALSE,-0.000201369099521496,1,0.0349048889324322,0.441239985466228,NA,NA,NA,"C1_M2_T4"
0.01,0,0.02,FALSE,-0.000229419024283529,1,0.0349048889324322,0.441239985466228,NA,NA,NA,"C1_M2_T4"
0.02,0,0.02,FALSE,-0.000479802457276903,2,0.0349048889324322,0.441239985466228,NA,NA,NA,"C1_M2_T4"
0.05,0,0.02,FALSE,-0.0054978219690015,5,0.0349048889324322,0.441239985466228,NA,NA,NA,"C1_M2_T4"
0,0.0025,0.02,FALSE,-0.000178577463772301,1,0.0349048889324322,0.441239985466228,NA,NA,NA,"C1_M2_T4"
0.0025,0.0025,0.02,FALSE,-0.000191972277723913,1,0.0349048889324322,0.441239985466228,NA,NA,NA,"C1_M2_T4"
0.005,0.0025,0.02,FALSE,-0.000205502392826551,1,0.0349048889324322,0.441239985466228,NA,NA,NA,"C1_M2_T4"
0.01,0.0025,0.02,FALSE,-0.000232976810228847,1,0.0349048889324322,0.441239985466228,NA,NA,NA,"C1_M2_T4"
0.02,0.0025,0.02,FALSE,-0.000502968596564514,2,0.0349048889324322,0.441239985466228,NA,NA,NA,"C1_M2_T4"
0.05,0.0025,0.02,FALSE,-0.00557838030157181,5,0.0349048889324322,0.441239985466228,NA,NA,NA,"C1_M2_T4"
0,0.005,0.02,FALSE,-0.000183322201668865,1,0.0349048889324322,0.441239985466228,NA,NA,NA,"C1_M2_T4"
0.0025,0.005,0.02,FALSE,-0.000196433599935781,1,0.0349048889324322,0.441239985466228,NA,NA,NA,"C1_M2_T4"
0.005,0.005,0.02,FALSE,-0.000209677436569031,1,0.0349048889324322,0.441239985466228,NA,NA,NA,"C1_M2_T4"
0.01,0.005,0.02,FALSE,-0.000236570533405934,1,0.0349048889324322,0.441239985466228,NA,NA,NA,"C1_M2_T4"
0.02,0.005,0.02,FALSE,-0.000526368737259071,2,0.0349048889324322,0.441239985466228,NA,NA,NA,"C1_M2_T4"
0.05,0.005,0.02,FALSE,-0.00565975235467314,5,0.0349048889324322,0.441239985466228,NA,NA,NA,"C1_M2_T4"
0,0.01,0.02,FALSE,-0.000192956924540459,1,0.0349048889324322,0.441239985466228,NA,NA,NA,"C1_M2_T4"
0.0025,0.01,0.02,FALSE,-0.000205492815447637,1,0.0349048889324322,0.441239985466228,NA,NA,NA,"C1_M2_T4"
0.005,0.01,0.02,FALSE,-0.000218155331515495,1,0.0349048889324322,0.441239985466228,NA,NA,NA,"C1_M2_T4"
0.01,0.01,0.02,FALSE,-0.000243867991694103,1,0.0349048889324322,0.441239985466228,NA,NA,NA,"C1_M2_T4"
0.02,0.01,0.02,FALSE,-0.000573885349485773,2,0.0349048889324322,0.441239985466228,NA,NA,NA,"C1_M2_T4"
0.05,0.01,0.02,FALSE,-0.00582498744209318,5,0.0349048889324322,0.441239985466228,NA,NA,NA,"C1_M2_T4"
0,0.02,0.02,FALSE,-0.00021282854046312,1,0.0349048889324322,0.441239985466228,NA,NA,NA,"C1_M2_T4"
0.0025,0.02,0.02,FALSE,-0.00022417744744084,1,0.0349048889324322,0.441239985466228,NA,NA,NA,"C1_M2_T4"
0.005,0.02,0.02,FALSE,-0.000235640989842577,1,0.0349048889324322,0.441239985466228,NA,NA,NA,"C1_M2_T4"
0.01,0.02,0.02,FALSE,-0.000258918999413451,1,0.0349048889324322,0.441239985466228,NA,NA,NA,"C1_M2_T4"
0.02,0.02,0.02,FALSE,-0.000671888362203347,2,0.0349048889324322,0.441239985466228,NA,NA,NA,"C1_M2_T4"
0.05,0.02,0.02,FALSE,-0.00616578480989701,5,0.0349048889324322,0.441239985466228,NA,NA,NA,"C1_M2_T4"
0,0.05,0.02,FALSE,-0.000277742485810482,1,0.0349048889324322,0.441239985466228,NA,NA,NA,"C1_M2_T4"
0.0025,0.05,0.02,FALSE,-0.000285213911951968,1,0.0349048889324322,0.441239985466228,NA,NA,NA,"C1_M2_T4"
0.005,0.05,0.02,FALSE,-0.000292760807044379,2,0.0349048889324322,0.441239985466228,NA,NA,NA,"C1_M2_T4"
0.01,0.05,0.02,FALSE,-0.00035647195705412,2,0.0349048889324322,0.441239985466228,NA,NA,NA,"C1_M2_T4"
0.02,0.05,0.02,FALSE,-0.000992031537080753,3,0.0349048889324322,0.441239985466228,NA,NA,NA,"C1_M2_T4"
0.05,0.05,0.02,FALSE,-0.00727905621138954,5,0.0349048889324322,0.441239985466228,NA,NA,NA,"C1_M2_T4"
0,0,0.05,FALSE,-0.00969165681567494,2,0.0349048889324322,0.441239985466228,NA,NA,NA,"C1_M2_T4"
0.0025,0,0.05,FALSE,-0.00970794612185039,2,0.0349048889324322,0.441239985466228,NA,NA,NA,"C1_M2_T4"
0.005,0,0.05,FALSE,-0.00972439996647206,2,0.0349048889324322,0.441239985466228,NA,NA,NA,"C1_M2_T4"
0.01,0,0.05,FALSE,-0.00975781134483646,2,0.0349048889324322,0.441239985466228,NA,NA,NA,"C1_M2_T4"
0.02,0,0.05,FALSE,-0.00982672231271305,3,0.0349048889324322,0.441239985466228,NA,NA,NA,"C1_M2_T4"
0.05,0,0.05,FALSE,-0.0100518314744432,6,0.0349048889324322,0.441239985466228,NA,NA,NA,"C1_M2_T4"
0,0.0025,0.05,FALSE,-0.00981927453092782,2,0.0349048889324322,0.441239985466228,NA,NA,NA,"C1_M2_T4"
0.0025,0.0025,0.05,FALSE,-0.00983585519863481,2,0.0349048889324322,0.441239985466228,NA,NA,NA,"C1_M2_T4"
0.005,0.0025,0.05,FALSE,-0.00985260334783379,2,0.0349048889324322,0.441239985466228,NA,NA,NA,"C1_M2_T4"
0.01,0.0025,0.05,FALSE,-0.00988661234467661,2,0.0349048889324322,0.441239985466228,NA,NA,NA,"C1_M2_T4"
0.02,0.0025,0.05,FALSE,-0.00995675590066493,3,0.0349048889324322,0.441239985466228,NA,NA,NA,"C1_M2_T4"
0.05,0.0025,0.05,FALSE,-0.0101858915168934,6,0.0349048889324322,0.441239985466228,NA,NA,NA,"C1_M2_T4"
0,0.005,0.05,FALSE,-0.00994818131401154,2,0.0349048889324322,0.441239985466228,NA,NA,NA,"C1_M2_T4"
0.0025,0.005,0.05,FALSE,-0.00996505628629584,2,0.0349048889324322,0.441239985466228,NA,NA,NA,"C1_M2_T4"
0.005,0.005,0.05,FALSE,-0.00998210171284563,2,0.0349048889324322,0.441239985466228,NA,NA,NA,"C1_M2_T4"
0.01,0.005,0.05,FALSE,-0.0100167143647172,2,0.0349048889324322,0.441239985466228,NA,NA,NA,"C1_M2_T4"
0.02,0.005,0.05,FALSE,-0.0100881029592022,3,0.0349048889324322,0.441239985466228,NA,NA,NA,"C1_M2_T4"
0.05,0.005,0.05,FALSE,-0.0103213057011866,6,0.0349048889324322,0.441239985466228,NA,NA,NA,"C1_M2_T4"
0,0.01,0.05,FALSE,-0.0102099410061917,2,0.0349048889324322,0.441239985466228,NA,NA,NA,"C1_M2_T4"
0.0025,0.01,0.05,FALSE,-0.0102274135969545,2,0.0349048889324322,0.441239985466228,NA,NA,NA,"C1_M2_T4"
0.005,0.01,0.05,FALSE,-0.010245062678533,2,0.0349048889324322,0.441239985466228,NA,NA,NA,"C1_M2_T4"
0.01,0.01,0.05,FALSE,-0.0102809011196975,2,0.0349048889324322,0.441239985466228,NA,NA,NA,"C1_M2_T4"
0.02,0.01,0.05,FALSE,-0.0103548179045993,3,0.0349048889324322,0.441239985466228,NA,NA,NA,"C1_M2_T4"
0.05,0.01,0.05,FALSE,-0.0105962794019451,6,0.0349048889324322,0.441239985466228,NA,NA,NA,"C1_M2_T4"
0,0.02,0.05,FALSE,-0.0107498203713134,2,0.0349048889324322,0.441239985466228,NA,NA,NA,"C1_M2_T4"
0.0025,0.02,0.05,FALSE,-0.0107685255501879,2,0.0349048889324322,0.441239985466228,NA,NA,NA,"C1_M2_T4"
0.005,0.02,0.05,FALSE,-0.0107874196702631,2,0.0349048889324322,0.441239985466228,NA,NA,NA,"C1_M2_T4"
0.01,0.02,0.05,FALSE,-0.0108257863018443,2,0.0349048889324322,0.441239985466228,NA,NA,NA,"C1_M2_T4"
0.02,0.02,0.05,FALSE,-0.0109049174794807,3,0.0349048889324322,0.441239985466228,NA,NA,NA,"C1_M2_T4"
0.05,0.02,0.05,FALSE,-0.0111634126597596,6,0.0349048889324322,0.441239985466228,NA,NA,NA,"C1_M2_T4"
0,0.05,0.05,FALSE,-0.0125134262973775,3,0.0349048889324322,0.441239985466228,NA,NA,NA,"C1_M2_T4"
0.0025,0.05,0.05,FALSE,-0.0125361579307503,3,0.0349048889324322,0.441239985466228,NA,NA,NA,"C1_M2_T4"
0.005,0.05,0.05,FALSE,-0.0125591191765814,3,0.0349048889324322,0.441239985466228,NA,NA,NA,"C1_M2_T4"
0.01,0.05,0.05,FALSE,-0.0126057445635241,3,0.0349048889324322,0.441239985466228,NA,NA,NA,"C1_M2_T4"
0.02,0.05,0.05,FALSE,-0.0127019094240935,4,0.0349048889324322,0.441239985466228,NA,NA,NA,"C1_M2_T4"
0.05,0.05,0.05,FALSE,-0.0130160479686201,6,0.0349048889324322,0.441239985466228,NA,NA,NA,"C1_M2_T4"
0,0,0,TRUE,0.000217191728140652,0,0.00931938944898363,0.344913562819948,0.00931938944898359,0.344913562819948,-3.46944695195361e-17,"age2_M2_T4"
0.0025,0,0,TRUE,0.000180835312369205,0,0.00931938944898363,0.344913562819948,0.00931938944898359,0.319701696927014,-3.46944695195361e-17,"age2_M2_T4"
0.005,0,0,TRUE,0.000144111660074814,0,0.00931938944898363,0.344913562819948,0.00931938944898359,0.299498870486154,-3.46944695195361e-17,"age2_M2_T4"
0.01,0,0,FALSE,-1.48613936754605e-05,1,0.00931938944898363,0.344913562819948,NA,NA,NA,"age2_M2_T4"
0.02,0,0,FALSE,-0.0015068988182915,3,0.00931938944898363,0.344913562819948,NA,NA,NA,"age2_M2_T4"
0.05,0,0,FALSE,-0.010861301670213,7,0.00931938944898363,0.344913562819948,NA,NA,NA,"age2_M2_T4"
0,0.0025,0,TRUE,0.000213516758622138,0,0.00931938944898363,0.344913562819948,0.00949506398914672,0.344913562819948,0.000175674540163092,"age2_M2_T4"
0.0025,0.0025,0,TRUE,0.000177525070498646,0,0.00931938944898363,0.344913562819948,0.00949506398914672,0.319701696927014,0.000175674540163092,"age2_M2_T4"
0.005,0.0025,0,TRUE,0.000141169829969865,0,0.00931938944898363,0.344913562819948,0.00949506398914672,0.299498870486154,0.000175674540163092,"age2_M2_T4"
0.01,0.0025,0,FALSE,-1.78436065995481e-05,1,0.00931938944898363,0.344913562819948,NA,NA,NA,"age2_M2_T4"
0.02,0.0025,0,FALSE,-0.00151241790814807,3,0.00931938944898363,0.344913562819948,NA,NA,NA,"age2_M2_T4"
0.05,0.0025,0,FALSE,-0.0108764427956213,7,0.00931938944898363,0.344913562819948,NA,NA,NA,"age2_M2_T4"
0,0.005,0,TRUE,0.000209804668199397,0,0.00931938944898363,0.344913562819948,0.00967934740136064,0.344913562819948,0.000359957952377013,"age2_M2_T4"
0.0025,0.005,0,TRUE,0.000174181391841515,0,0.00931938944898363,0.344913562819948,0.00967934740136064,0.319701696927014,0.000359957952377013,"age2_M2_T4"
0.005,0.005,0,TRUE,0.000138198284409311,0,0.00931938944898363,0.344913562819948,0.00967934740136064,0.299498870486154,0.000359957952377013,"age2_M2_T4"
0.01,0.005,0,FALSE,-2.08559428865054e-05,1,0.00931938944898363,0.344913562819948,NA,NA,NA,"age2_M2_T4"
0.02,0.005,0,FALSE,-0.00151799274638702,3,0.00931938944898363,0.344913562819948,NA,NA,NA,"age2_M2_T4"
0.05,0.005,0,FALSE,-0.0108917368616902,7,0.00931938944898363,0.344913562819948,NA,NA,NA,"age2_M2_T4"
0,0.01,0,TRUE,0.00020226685193281,0,0.00931938944898363,0.344913562819948,0.0100782527395089,0.344913562819948,0.000758863290525311,"age2_M2_T4"
0.0025,0.01,0,TRUE,0.000167391677017342,0,0.00931938944898363,0.344913562819948,0.0100782527395089,0.319701696927014,0.000758863290525311,"age2_M2_T4"
0.005,0.01,0,TRUE,0.000132164227607779,0,0.00931938944898363,0.344913562819948,0.0100782527395089,0.299498870486154,0.000758863290525311,"age2_M2_T4"
0.01,0.01,0,FALSE,-2.69728298365512e-05,1,0.00931938944898363,0.344913562819948,NA,NA,NA,"age2_M2_T4"
0.02,0.01,0,FALSE,-0.00152931308117837,3,0.00931938944898363,0.344913562819948,NA,NA,NA,"age2_M2_T4"
0.05,0.01,0,FALSE,-0.0109227931795241,7,0.00931938944898363,0.344913562819948,NA,NA,NA,"age2_M2_T4"
0,0.02,0,TRUE,0.000186720105882975,0,0.00931938944898363,0.344913562819948,0.0110529584467598,0.344913562819948,0.0017335689977762,"age2_M2_T4"
0.0025,0.02,0,TRUE,0.000153387890192485,0,0.00931938944898363,0.344913562819948,0.0110529584467598,0.319701696927014,0.0017335689977762,"age2_M2_T4"
0.005,0.02,0,TRUE,0.000119718985454617,0,0.00931938944898363,0.344913562819948,0.0110529584467598,0.299498870486154,0.0017335689977762,"age2_M2_T4"
0.01,0.02,0,FALSE,-3.95889091710207e-05,1,0.00931938944898363,0.344913562819948,NA,NA,NA,"age2_M2_T4"
0.02,0.02,0,FALSE,-0.00155266127168553,3,0.00931938944898363,0.344913562819948,NA,NA,NA,"age2_M2_T4"
0.05,0.02,0,FALSE,-0.0109868468350566,7,0.00931938944898363,0.344913562819948,NA,NA,NA,"age2_M2_T4"
0,0.05,0,FALSE,-0.00254206882182409,1,0.00931938944898363,0.344913562819948,NA,NA,NA,"age2_M2_T4"
0.0025,0.05,0,FALSE,-0.00258042867557563,1,0.00931938944898363,0.344913562819948,NA,NA,NA,"age2_M2_T4"
0.005,0.05,0,FALSE,-0.00261917600259739,1,0.00931938944898363,0.344913562819948,NA,NA,NA,"age2_M2_T4"
0.01,0.05,0,FALSE,-0.00269785679930484,2,0.00931938944898363,0.344913562819948,NA,NA,NA,"age2_M2_T4"
0.02,0.05,0,FALSE,-0.00286013594251396,5,0.00931938944898363,0.344913562819948,NA,NA,NA,"age2_M2_T4"
0.05,0.05,0,FALSE,-0.0111960887764625,9,0.00931938944898363,0.344913562819948,NA,NA,NA,"age2_M2_T4"
0,0,0.0025,TRUE,0.000175557500289974,0,0.00931938944898363,0.344913562819948,0.00945752171500183,0.344913562819948,0.000138132266018207,"age2_M2_T4"
0.0025,0,0.0025,TRUE,0.000141189055997244,0,0.00931938944898363,0.344913562819948,0.00945752171500183,0.319701696927014,0.000138132266018207,"age2_M2_T4"
0.005,0,0.0025,TRUE,0.000106473455701558,0,0.00931938944898363,0.344913562819948,0.00945752171500183,0.299498870486154,0.000138132266018207,"age2_M2_T4"
0.01,0,0.0025,FALSE,-2.48363571945397e-05,1,0.00931938944898363,0.344913562819948,NA,NA,NA,"age2_M2_T4"
0.02,0,0.0025,FALSE,-0.00151652222236243,3,0.00931938944898363,0.344913562819948,NA,NA,NA,"age2_M2_T4"
0.05,0,0.0025,FALSE,-0.0109150333531322,7,0.00931938944898363,0.344913562819948,NA,NA,NA,"age2_M2_T4"
0,0.0025,0.0025,TRUE,0.000171797174951415,0,0.00931938944898363,0.344913562819948,0.00963360390496068,0.344913562819948,0.000314214455977058,"age2_M2_T4"
0.0025,0.0025,0.0025,TRUE,0.000137793900147496,0,0.00931938944898363,0.344913562819948,0.00963360390496068,0.319701696927014,0.000314214455977058,"age2_M2_T4"
0.005,0.0025,0.0025,TRUE,0.000103447157921316,0,0.00931938944898363,0.344913562819948,0.00963360390496068,0.299498870486154,0.000314214455977058,"age2_M2_T4"
0.01,0.0025,0.0025,FALSE,-2.77872909517378e-05,1,0.00931938944898363,0.344913562819948,NA,NA,NA,"age2_M2_T4"
0.02,0.0025,0.0025,FALSE,-0.0015220219418071,3,0.00931938944898363,0.344913562819948,NA,NA,NA,"age2_M2_T4"
0.05,0.0025,0.0025,FALSE,-0.0109302074939427,7,0.00931938944898363,0.344913562819948,NA,NA,NA,"age2_M2_T4"
0,0.005,0.0025,TRUE,0.000167998866528627,0,0.00931938944898363,0.344913562819948,0.00981842562190703,0.344913562819948,0.000499036172923403,"age2_M2_T4"
0.0025,0.005,0.0025,TRUE,0.000134364449794216,0,0.00931938944898363,0.344913562819948,0.00981842562190703,0.319701696927014,0.000499036172923403,"age2_M2_T4"
0.005,0.005,0.0025,TRUE,0.000100390291476628,0,0.00931938944898363,0.344913562819948,0.00981842562190703,0.299498870486154,0.000499036172923403,"age2_M2_T4"
0.01,0.005,0.0025,FALSE,-3.07680321206248e-05,1,0.00931938944898363,0.344913562819948,NA,NA,NA,"age2_M2_T4"
0.02,0.005,0.0025,FALSE,-0.00152757721397344,3,0.00931938944898363,0.344913562819948,NA,NA,NA,"age2_M2_T4"
0.05,0.005,0.0025,FALSE,-0.0109455349089029,7,0.00931938944898363,0.344913562819948,NA,NA,NA,"age2_M2_T4"
0,0.01,0.0025,TRUE,0.000160285974935417,0,0.00931938944898363,0.344913562819948,0.0102189701758312,0.344913562819948,0.00089958072684757,"age2_M2_T4"
0.0025,0.01,0.0025,TRUE,0.000127400565913574,0,0.00931938944898363,0.344913562819948,0.0102189701758312,0.319701696927014,0.00089958072684757,"age2_M2_T4"
0.005,0.01,0.0025,TRUE,9.41829810430253e-05,0,0.00931938944898363,0.344913562819948,0.0102189701758312,0.299498870486154,0.00089958072684757,"age2_M2_T4"
0.01,0.01,0.0025,FALSE,-3.68207616370382e-05,1,0.00931938944898363,0.344913562819948,NA,NA,NA,"age2_M2_T4"
0.02,0.01,0.0025,FALSE,-0.00153885781765815,3,0.00931938944898363,0.344913562819948,NA,NA,NA,"age2_M2_T4"
0.05,0.01,0.0025,FALSE,-0.0109766589454037,7,0.00931938944898363,0.344913562819948,NA,NA,NA,"age2_M2_T4"
0,0.02,0.0025,TRUE,0.00014437813602442,0,0.00931938944898363,0.344913562819948,0.0112022385834447,0.344913562819948,0.00188284913446104,"age2_M2_T4"
0.0025,0.02,0.0025,TRUE,0.00011303755540975,0,0.00931938944898363,0.344913562819948,0.0112022385834447,0.319701696927014,0.00188284913446104,"age2_M2_T4"
0.005,0.02,0.0025,TRUE,8.13804032737205e-05,0,0.00931938944898363,0.344913562819948,0.0112022385834447,0.299498870486154,0.00188284913446104,"age2_M2_T4"
0.01,0.02,0.0025,FALSE,-4.93045162646409e-05,1,0.00931938944898363,0.344913562819948,NA,NA,NA,"age2_M2_T4"
0.02,0.02,0.0025,FALSE,-0.00156212406275786,3,0.00931938944898363,0.344913562819948,NA,NA,NA,"age2_M2_T4"
0.05,0.02,0.0025,FALSE,-0.0110408522706865,8,0.00931938944898363,0.344913562819948,NA,NA,NA,"age2_M2_T4"
0,0.05,0.0025,FALSE,-0.00259981475718897,1,0.00931938944898363,0.344913562819948,NA,NA,NA,"age2_M2_T4"
0.0025,0.05,0.0025,FALSE,-0.00263757324949929,1,0.00931938944898363,0.344913562819948,NA,NA,NA,"age2_M2_T4"
0.005,0.05,0.0025,FALSE,-0.00267571314072184,1,0.00931938944898363,0.344913562819948,NA,NA,NA,"age2_M2_T4"
0.01,0.05,0.0025,FALSE,-0.00275316047085743,3,0.00931938944898363,0.344913562819948,NA,NA,NA,"age2_M2_T4"
0.02,0.05,0.0025,FALSE,-0.00291289558926207,5,0.00931938944898363,0.344913562819948,NA,NA,NA,"age2_M2_T4"
0.05,0.05,0.0025,FALSE,-0.0112505504666104,9,0.00931938944898363,0.344913562819948,NA,NA,NA,"age2_M2_T4"
0,0,0.005,TRUE,0.000133073594319894,0,0.00931938944898363,0.344913562819948,0.00960745709568555,0.344913562819948,0.000288067646701924,"age2_M2_T4"
0.0025,0,0.005,TRUE,0.000100733692352387,0,0.00931938944898363,0.344913562819948,0.00960745709568555,0.319701696927014,0.000288067646701924,"age2_M2_T4"
0.005,0,0.005,TRUE,6.80671247084399e-05,0,0.00931938944898363,0.344913562819948,0.00960745709568555,0.299498870486154,0.000288067646701924,"age2_M2_T4"
0.01,0,0.005,FALSE,-3.50148913976818e-05,1,0.00931938944898363,0.344913562819948,NA,NA,NA,"age2_M2_T4"
0.02,0,0.005,FALSE,-0.0015263420224348,3,0.00931938944898363,0.344913562819948,NA,NA,NA,"age2_M2_T4"
0.05,0,0.005,FALSE,-0.0109698616010089,7,0.00931938944898363,0.344913562819948,NA,NA,NA,"age2_M2_T4"
0,0.0025,0.005,TRUE,0.000129226171205778,0,0.00931938944898363,0.344913562819948,0.0097841842661386,0.344913562819948,0.00046479481715498,"age2_M2_T4"
0.0025,0.0025,0.005,TRUE,9.72518895850989e-05,0,0.00931938944898363,0.344913562819948,0.0097841842661386,0.319701696927014,0.00046479481715498,"age2_M2_T4"
0.005,0.0025,0.005,TRUE,6.49546354227968e-05,0,0.00931938944898363,0.344913562819948,0.0097841842661386,0.299498870486154,0.00046479481715498,"age2_M2_T4"
0.01,0.0025,0.005,FALSE,-3.79339076376457e-05,2,0.00931938944898363,0.344913562819948,NA,NA,NA,"age2_M2_T4"
0.02,0.0025,0.005,FALSE,-0.00153182197615306,3,0.00931938944898363,0.344913562819948,NA,NA,NA,"age2_M2_T4"
0.05,0.0025,0.005,FALSE,-0.0109850694310055,7,0.00931938944898363,0.344913562819948,NA,NA,NA,"age2_M2_T4"
0,0.005,0.005,TRUE,0.000125339885231924,0,0.00931938944898363,0.344913562819948,0.00996980259071801,0.344913562819948,0.000650413141734384,"age2_M2_T4"
0.0025,0.005,0.005,TRUE,9.37349170928892e-05,0,0.00931938944898363,0.344913562819948,0.00996980259071801,0.319701696927014,0.000650413141734384,"age2_M2_T4"
0.005,0.005,0.005,TRUE,6.18107068514401e-05,0,0.00931938944898363,0.344913562819948,0.00996980259071801,0.299498870486154,0.000650413141734384,"age2_M2_T4"
0.01,0.005,0.005,FALSE,-4.08824088901345e-05,2,0.00931938944898363,0.344913562819948,NA,NA,NA,"age2_M2_T4"
0.02,0.005,0.005,FALSE,-0.00153735728293917,3,0.00931938944898363,0.344913562819948,NA,NA,NA,"age2_M2_T4"
0.05,0.005,0.005,FALSE,-0.0110004308754465,7,0.00931938944898363,0.344913562819948,NA,NA,NA,"age2_M2_T4"
0,0.01,0.005,TRUE,0.00011744834534624,0,0.00931938944898363,0.344913562819948,0.0103725845691779,0.344913562819948,0.00105319512019427,"age2_M2_T4"
0.0025,0.01,0.005,TRUE,8.65933096852387e-05,0,0.00931938944898363,0.344913562819948,0.0103725845691779,0.319701696927014,0.00105319512019427,"age2_M2_T4"
0.005,0.01,0.005,TRUE,5.54266069973588e-05,0,0.00931938944898363,0.344913562819948,0.0103725845691779,0.299498870486154,0.00105319512019427,"age2_M2_T4"
0.01,0.01,0.005,FALSE,-4.68696716375352e-05,2,0.00931938944898363,0.344913562819948,NA,NA,NA,"age2_M2_T4"
0.02,0.01,0.005,FALSE,-0.00154859734467833,3,0.00931938944898363,0.344913562819948,NA,NA,NA,"age2_M2_T4"
0.05,0.01,0.005,FALSE,-0.0110316240126277,7,0.00931938944898363,0.344913562819948,NA,NA,NA,"age2_M2_T4"
0,0.02,0.005,TRUE,0.000101172044332017,0,0.00931938944898363,0.344913562819948,0.0113663151585922,0.344913562819948,0.00204692570960853,"age2_M2_T4"
0.0025,0.02,0.005,TRUE,7.18637444069596e-05,0,0.00931938944898363,0.344913562819948,0.0113663151585922,0.319701696927014,0.00204692570960853,"age2_M2_T4"
0.005,0.02,0.005,TRUE,4.22594010483159e-05,0,0.00931938944898363,0.344913562819948,0.0113663151585922,0.299498870486154,0.00204692570960853,"age2_M2_T4"
0.01,0.02,0.005,FALSE,-5.92184010540493e-05,2,0.00931938944898363,0.344913562819948,NA,NA,NA,"age2_M2_T4"
0.02,0.02,0.005,FALSE,-0.00157177997201533,3,0.00931938944898363,0.344913562819948,NA,NA,NA,"age2_M2_T4"
0.05,0.02,0.005,FALSE,-0.011095959858064,8,0.00931938944898363,0.344913562819948,NA,NA,NA,"age2_M2_T4"
0,0.05,0.005,FALSE,-0.00265873918103068,1,0.00931938944898363,0.344913562819948,NA,NA,NA,"age2_M2_T4"
0.0025,0.05,0.005,FALSE,-0.00269588403921732,1,0.00931938944898363,0.344913562819948,NA,NA,NA,"age2_M2_T4"
0.005,0.05,0.005,FALSE,-0.00273340409799169,2,0.00931938944898363,0.344913562819948,NA,NA,NA,"age2_M2_T4"
0.01,0.05,0.005,FALSE,-0.00280959278876823,3,0.00931938944898363,0.344913562819948,NA,NA,NA,"age2_M2_T4"
0.02,0.05,0.005,FALSE,-0.00296673196349484,5,0.00931938944898363,0.344913562819948,NA,NA,NA,"age2_M2_T4"
0.05,0.05,0.005,FALSE,-0.0113061236198225,9,0.00931938944898363,0.344913562819948,NA,NA,NA,"age2_M2_T4"
0,0,0.01,TRUE,4.54505382566037e-05,0,0.00931938944898363,0.344913562819948,0.00996602057265157,0.344913562819948,0.00064663112366794,"age2_M2_T4"
0.0025,0,0.01,TRUE,1.72945048348675e-05,0,0.00931938944898363,0.344913562819948,0.00996602057265157,0.319701696927014,0.00064663112366794,"age2_M2_T4"
0.005,0,0.01,FALSE,-1.1145932964866e-05,1,0.00931938944898363,0.344913562819948,NA,NA,NA,"age2_M2_T4"
0.01,0,0.01,FALSE,-6.88974342112637e-05,2,0.00931938944898363,0.344913562819948,NA,NA,NA,"age2_M2_T4"
0.02,0,0.01,FALSE,-0.00154659536008407,3,0.00931938944898363,0.344913562819948,NA,NA,NA,"age2_M2_T4"
0.05,0,0.01,FALSE,-0.0110829448622546,7,0.00931938944898363,0.344913562819948,NA,NA,NA,"age2_M2_T4"
0,0.0025,0.01,TRUE,4.14234759804025e-05,0,0.00931938944898363,0.344913562819948,0.0101462690047282,0.344913562819948,0.000826879555744618,"age2_M2_T4"
0.0025,0.0025,0.01,TRUE,1.36339928001543e-05,0,0.00931938944898363,0.344913562819948,0.0101462690047282,0.319701696927014,0.000826879555744618,"age2_M2_T4"
0.005,0.0025,0.01,FALSE,-1.44361922303995e-05,1,0.00931938944898363,0.344913562819948,NA,NA,NA,"age2_M2_T4"
0.01,0.0025,0.01,FALSE,-7.14358536699934e-05,2,0.00931938944898363,0.344913562819948,NA,NA,NA,"age2_M2_T4"
0.02,0.0025,0.01,FALSE,-0.00155203454699159,3,0.00931938944898363,0.344913562819948,NA,NA,NA,"age2_M2_T4"
0.05,0.0025,0.01,FALSE,-0.0110982221761974,7,0.00931938944898363,0.344913562819948,NA,NA,NA,"age2_M2_T4"
0,0.005,0.01,TRUE,3.7355736307472e-05,0,0.00931938944898363,0.344913562819948,0.0103359801071888,0.344913562819948,0.00101659065820519,"age2_M2_T4"
0.0025,0.005,0.01,TRUE,9.93650589640357e-06,0,0.00931938944898363,0.344913562819948,0.0103359801071888,0.319701696927014,0.00101659065820519,"age2_M2_T4"
0.005,0.005,0.01,FALSE,-1.77596864380091e-05,1,0.00931938944898363,0.344913562819948,NA,NA,NA,"age2_M2_T4"
0.01,0.005,0.01,FALSE,-7.39999137293163e-05,2,0.00931938944898363,0.344913562819948,NA,NA,NA,"age2_M2_T4"
0.02,0.005,0.01,FALSE,-0.001557528675181,3,0.00931938944898363,0.344913562819948,NA,NA,NA,"age2_M2_T4"
0.05,0.005,0.01,FALSE,-0.0111136538064426,7,0.00931938944898363,0.344913562819948,NA,NA,NA,"age2_M2_T4"
0,0.01,0.01,TRUE,2.90957343185622e-05,0,0.00931938944898363,0.344913562819948,0.0107492888089061,0.344913562819948,0.00142989935992247,"age2_M2_T4"
0.0025,0.01,0.01,TRUE,2.42834371429745e-06,0,0.00931938944898363,0.344913562819948,0.0107492888089061,0.319701696927014,0.00142989935992247,"age2_M2_T4"
0.005,0.01,0.01,FALSE,-2.45084144718285e-05,1,0.00931938944898363,0.344913562819948,NA,NA,NA,"age2_M2_T4"
0.01,0.01,0.01,FALSE,-7.92065254824313e-05,2,0.00931938944898363,0.344913562819948,NA,NA,NA,"age2_M2_T4"
0.02,0.01,0.01,FALSE,-0.00156868511915745,3,0.00931938944898363,0.344913562819948,NA,NA,NA,"age2_M2_T4"
0.05,0.01,0.01,FALSE,-0.0111449894637773,7,0.00931938944898363,0.344913562819948,NA,NA,NA,"age2_M2_T4"
0,0.02,0.01,TRUE,1.20594802164355e-05,0,0.00931938944898363,0.344913562819948,0.0117842492542747,0.344913562819948,0.00246485980529112,"age2_M2_T4"
0.0025,0.02,0.01,FALSE,-1.30572407862964e-05,1,0.00931938944898363,0.344913562819948,NA,NA,NA,"age2_M2_T4"
0.005,0.02,0.01,FALSE,-3.84276660415812e-05,1,0.00931938944898363,0.344913562819948,NA,NA,NA,"age2_M2_T4"
0.01,0.02,0.01,FALSE,-8.99451622232309e-05,2,0.00931938944898363,0.344913562819948,NA,NA,NA,"age2_M2_T4"
0.02,0.02,0.01,FALSE,-0.00159169528485887,3,0.00931938944898363,0.344913562819948,NA,NA,NA,"age2_M2_T4"
0.05,0.02,0.01,FALSE,-0.0112096192570301,8,0.00931938944898363,0.344913562819948,NA,NA,NA,"age2_M2_T4"
0,0.05,0.01,FALSE,-0.00278027080520421,2,0.00931938944898363,0.344913562819948,NA,NA,NA,"age2_M2_T4"
0.0025,0.05,0.01,FALSE,-0.00281615004301073,2,0.00931938944898363,0.344913562819948,NA,NA,NA,"age2_M2_T4"
0.005,0.05,0.01,FALSE,-0.00285239169736075,2,0.00931938944898363,0.344913562819948,NA,NA,NA,"age2_M2_T4"
0.01,0.05,0.01,FALSE,-0.00292598444445925,3,0.00931938944898363,0.344913562819948,NA,NA,NA,"age2_M2_T4"
0.02,0.05,0.01,FALSE,-0.00307776948534992,5,0.00931938944898363,0.344913562819948,NA,NA,NA,"age2_M2_T4"
0.05,0.05,0.01,FALSE,-0.0114207432483226,9,0.00931938944898363,0.344913562819948,NA,NA,NA,"age2_M2_T4"
0,0,0.02,FALSE,-0.00156209589241753,3,0.00931938944898363,0.344913562819948,NA,NA,NA,"age2_M2_T4"
0.0025,0,0.02,FALSE,-0.00156533459190553,3,0.00931938944898363,0.344913562819948,NA,NA,NA,"age2_M2_T4"
0.005,0,0.02,FALSE,-0.00156860600552977,3,0.00931938944898363,0.344913562819948,NA,NA,NA,"age2_M2_T4"
0.01,0,0.02,FALSE,-0.00157524897809329,4,0.00931938944898363,0.344913562819948,NA,NA,NA,"age2_M2_T4"
0.02,0,0.02,FALSE,-0.001589743775076,5,0.00931938944898363,0.344913562819948,NA,NA,NA,"age2_M2_T4"
0.05,0,0.02,FALSE,-0.0113238613753433,9,0.00931938944898363,0.344913562819948,NA,NA,NA,"age2_M2_T4"
0,0.0025,0.02,FALSE,-0.00157298963603578,3,0.00931938944898363,0.344913562819948,NA,NA,NA,"age2_M2_T4"
0.0025,0.0025,0.02,FALSE,-0.00157624170969285,3,0.00931938944898363,0.344913562819948,NA,NA,NA,"age2_M2_T4"
0.005,0.0025,0.02,FALSE,-0.00157952663257878,3,0.00931938944898363,0.344913562819948,NA,NA,NA,"age2_M2_T4"
0.01,0.0025,0.02,FALSE,-0.0015861970372145,4,0.00931938944898363,0.344913562819948,NA,NA,NA,"age2_M2_T4"
0.02,0.0025,0.02,FALSE,-0.00159995474677566,5,0.00931938944898363,0.344913562819948,NA,NA,NA,"age2_M2_T4"
0.05,0.0025,0.02,FALSE,-0.0113392867203018,9,0.00931938944898363,0.344913562819948,NA,NA,NA,"age2_M2_T4"
0,0.005,0.02,FALSE,-0.00158399341746835,3,0.00931938944898363,0.344913562819948,NA,NA,NA,"age2_M2_T4"
0.0025,0.005,0.02,FALSE,-0.00158725900038711,3,0.00931938944898363,0.344913562819948,NA,NA,NA,"age2_M2_T4"
0.005,0.005,0.02,FALSE,-0.00159055756899192,3,0.00931938944898363,0.344913562819948,NA,NA,NA,"age2_M2_T4"
0.01,0.005,0.02,FALSE,-0.00159725568279147,4,0.00931938944898363,0.344913562819948,NA,NA,NA,"age2_M2_T4"
0.02,0.005,0.02,FALSE,-0.00161107054250306,5,0.00931938944898363,0.344913562819948,NA,NA,NA,"age2_M2_T4"
0.05,0.005,0.02,FALSE,-0.0113548678768256,9,0.00931938944898363,0.344913562819948,NA,NA,NA,"age2_M2_T4"
0,0.01,0.02,FALSE,-0.00160633783078552,3,0.00931938944898363,0.344913562819948,NA,NA,NA,"age2_M2_T4"
0.0025,0.01,0.02,FALSE,-0.00160963084577648,3,0.00931938944898363,0.344913562819948,NA,NA,NA,"age2_M2_T4"
0.005,0.01,0.02,FALSE,-0.00161295712354512,3,0.00931938944898363,0.344913562819948,NA,NA,NA,"age2_M2_T4"
0.01,0.01,0.02,FALSE,-0.00161971150391207,4,0.00931938944898363,0.344913562819948,NA,NA,NA,"age2_M2_T4"
0.02,0.01,0.02,FALSE,-0.00163364241341888,5,0.00931938944898363,0.344913562819948,NA,NA,NA,"age2_M2_T4"
0.05,0.01,0.02,FALSE,-0.0113865071640524,9,0.00931938944898363,0.344913562819948,NA,NA,NA,"age2_M2_T4"
0,0.02,0.02,FALSE,-0.00165242318325219,3,0.00931938944898363,0.344913562819948,NA,NA,NA,"age2_M2_T4"
0.0025,0.02,0.02,FALSE,-0.00165577277689206,3,0.00931938944898363,0.344913562819948,NA,NA,NA,"age2_M2_T4"
0.005,0.02,0.02,FALSE,-0.00165915620481112,3,0.00931938944898363,0.344913562819948,NA,NA,NA,"age2_M2_T4"
0.01,0.02,0.02,FALSE,-0.00166602663497329,4,0.00931938944898363,0.344913562819948,NA,NA,NA,"age2_M2_T4"
0.02,0.02,0.02,FALSE,-0.00168019689718278,5,0.00931938944898363,0.344913562819948,NA,NA,NA,"age2_M2_T4"
0.05,0.02,0.02,FALSE,-0.0114517631939578,10,0.00931938944898363,0.344913562819948,NA,NA,NA,"age2_M2_T4"
0,0.05,0.02,FALSE,-0.00303918600453043,4,0.00931938944898363,0.344913562819948,NA,NA,NA,"age2_M2_T4"
0.0025,0.05,0.02,FALSE,-0.00307236892065758,4,0.00931938944898363,0.344913562819948,NA,NA,NA,"age2_M2_T4"
0.005,0.05,0.02,FALSE,-0.0031058870177557,4,0.00931938944898363,0.344913562819948,NA,NA,NA,"age2_M2_T4"
0.01,0.05,0.02,FALSE,-0.00317394927614883,5,0.00931938944898363,0.344913562819948,NA,NA,NA,"age2_M2_T4"
0.02,0.05,0.02,FALSE,-0.00331432768408465,7,0.00931938944898363,0.344913562819948,NA,NA,NA,"age2_M2_T4"
0.05,0.05,0.02,FALSE,-0.0116649328916487,11,0.00931938944898363,0.344913562819948,NA,NA,NA,"age2_M2_T4"
0,0,0.05,FALSE,-0.0211326606832153,5,0.00931938944898363,0.344913562819948,NA,NA,NA,"age2_M2_T4"
0.0025,0,0.05,FALSE,-0.0211594117451637,5,0.00931938944898363,0.344913562819948,NA,NA,NA,"age2_M2_T4"
0.005,0,0.05,FALSE,-0.021186433019859,5,0.00931938944898363,0.344913562819948,NA,NA,NA,"age2_M2_T4"
0.01,0,0.05,FALSE,-0.021241302751128,6,0.00931938944898363,0.344913562819948,NA,NA,NA,"age2_M2_T4"
0.02,0,0.05,FALSE,-0.0213544715718703,7,0.00931938944898363,0.344913562819948,NA,NA,NA,"age2_M2_T4"
0.05,0,0.05,FALSE,-0.0217241563862952,11,0.00931938944898363,0.344913562819948,NA,NA,NA,"age2_M2_T4"
0,0.0025,0.05,FALSE,-0.0211761701107396,5,0.00931938944898363,0.344913562819948,NA,NA,NA,"age2_M2_T4"
0.0025,0.0025,0.05,FALSE,-0.0212029564104958,5,0.00931938944898363,0.344913562819948,NA,NA,NA,"age2_M2_T4"
0.005,0.0025,0.05,FALSE,-0.0212300132789365,5,0.00931938944898363,0.344913562819948,NA,NA,NA,"age2_M2_T4"
0.01,0.0025,0.05,FALSE,-0.0212849552873008,6,0.00931938944898363,0.344913562819948,NA,NA,NA,"age2_M2_T4"
0.02,0.0025,0.05,FALSE,-0.0213982731795522,7,0.00931938944898363,0.344913562819948,NA,NA,NA,"age2_M2_T4"
0.05,0.0025,0.05,FALSE,-0.0217684449609065,11,0.00931938944898363,0.344913562819948,NA,NA,NA,"age2_M2_T4"
0,0.005,0.05,FALSE,-0.0212201190274307,5,0.00931938944898363,0.344913562819948,NA,NA,NA,"age2_M2_T4"
0.0025,0.005,0.05,FALSE,-0.0212469409209324,5,0.00931938944898363,0.344913562819948,NA,NA,NA,"age2_M2_T4"
0.005,0.005,0.05,FALSE,-0.0212740337426513,5,0.00931938944898363,0.344913562819948,NA,NA,NA,"age2_M2_T4"
0.01,0.005,0.05,FALSE,-0.0213290487581825,6,0.00931938944898363,0.344913562819948,NA,NA,NA,"age2_M2_T4"
0.02,0.005,0.05,FALSE,-0.0214425172277157,7,0.00931938944898363,0.344913562819948,NA,NA,NA,"age2_M2_T4"
0.05,0.005,0.05,FALSE,-0.0218131808948573,11,0.00931938944898363,0.344913562819948,NA,NA,NA,"age2_M2_T4"
0,0.01,0.05,FALSE,-0.0213093622358137,5,0.00931938944898363,0.344913562819948,NA,NA,NA,"age2_M2_T4"
0.0025,0.01,0.05,FALSE,-0.0213362564064107,5,0.00931938944898363,0.344913562819948,NA,NA,NA,"age2_M2_T4"
0.005,0.01,0.05,FALSE,-0.0213634222352965,5,0.00931938944898363,0.344913562819948,NA,NA,NA,"age2_M2_T4"
0.01,0.01,0.05,FALSE,-0.0214185855000749,6,0.00931938944898363,0.344913562819948,NA,NA,NA,"age2_M2_T4"
0.02,0.01,0.05,FALSE,-0.0215323597336804,7,0.00931938944898363,0.344913562819948,NA,NA,NA,"age2_M2_T4"
0.05,0.01,0.05,FALSE,-0.0219040222301248,11,0.00931938944898363,0.344913562819948,NA,NA,NA,"age2_M2_T4"
0,0.02,0.05,FALSE,-0.0214934263531036,6,0.00931938944898363,0.344913562819948,NA,NA,NA,"age2_M2_T4"
0.0025,0.02,0.05,FALSE,-0.0215204695952096,6,0.00931938944898363,0.344913562819948,NA,NA,NA,"age2_M2_T4"
0.005,0.02,0.05,FALSE,-0.0215477860013773,6,0.00931938944898363,0.344913562819948,NA,NA,NA,"age2_M2_T4"
0.01,0.02,0.05,FALSE,-0.021603255030228,7,0.00931938944898363,0.344913562819948,NA,NA,NA,"age2_M2_T4"
0.02,0.02,0.05,FALSE,-0.0217176599022325,8,0.00931938944898363,0.344913562819948,NA,NA,NA,"age2_M2_T4"
0.05,0.02,0.05,FALSE,-0.0220913824841139,12,0.00931938944898363,0.344913562819948,NA,NA,NA,"age2_M2_T4"
0,0.05,0.05,FALSE,-0.0220947024695842,6,0.00931938944898363,0.344913562819948,NA,NA,NA,"age2_M2_T4"
0.0025,0.05,0.05,FALSE,-0.0221222326786196,6,0.00931938944898363,0.344913562819948,NA,NA,NA,"age2_M2_T4"
0.005,0.05,0.05,FALSE,-0.0221500409705745,6,0.00931938944898363,0.344913562819948,NA,NA,NA,"age2_M2_T4"
0.01,0.05,0.05,FALSE,-0.022206508828728,7,0.00931938944898363,0.344913562819948,NA,NA,NA,"age2_M2_T4"
0.02,0.05,0.05,FALSE,-0.0223229737861695,9,0.00931938944898363,0.344913562819948,NA,NA,NA,"age2_M2_T4"
0.05,0.05,0.05,FALSE,-0.0227034259804784,13,0.00931938944898363,0.344913562819948,NA,NA,NA,"age2_M2_T4"
0,0,0,TRUE,0.00126948273609056,0,0.0123555417926148,0.347863305278179,0.0123555417926149,0.347863305278179,7.28583859910259e-17,"C4_M2_T2"
0.0025,0,0,TRUE,0.00112683342958337,0,0.0123555417926148,0.347863305278179,0.0123555417926149,0.322651439385244,7.28583859910259e-17,"C4_M2_T2"
0.005,0,0,TRUE,0.000829989975277005,0,0.0123555417926148,0.347863305278179,0.0123555417926149,0.302448612944385,7.28583859910259e-17,"C4_M2_T2"
0.01,0,0,TRUE,0.000172467814172007,0,0.0123555417926148,0.347863305278179,0.0123555417926149,0.267070169382268,7.28583859910259e-17,"C4_M2_T2"
0.02,0,0,FALSE,-0.00188404031710714,3,0.0123555417926148,0.347863305278179,NA,NA,NA,"C4_M2_T2"
0.05,0,0,FALSE,-0.0140452990630578,7,0.0123555417926148,0.347863305278179,NA,NA,NA,"C4_M2_T2"
0,0.0025,0,TRUE,0.0012607501071762,0,0.0123555417926148,0.347863305278179,0.0125509179868194,0.347863305278179,0.000195376194204625,"C4_M2_T2"
0.0025,0.0025,0,TRUE,0.00111962960343081,0,0.0123555417926148,0.347863305278179,0.0125509179868194,0.322651439385244,0.000195376194204625,"C4_M2_T2"
0.005,0.0025,0,TRUE,0.000826776859880269,0,0.0123555417926148,0.347863305278179,0.0125509179868194,0.302448612944385,0.000195376194204625,"C4_M2_T2"
0.01,0.0025,0,TRUE,0.000168416845761811,0,0.0123555417926148,0.347863305278179,0.0125509179868194,0.267070169382268,0.000195376194204625,"C4_M2_T2"
0.02,0.0025,0,FALSE,-0.00190018730975398,3,0.0123555417926148,0.347863305278179,NA,NA,NA,"C4_M2_T2"
0.05,0.0025,0,FALSE,-0.0140558563922768,7,0.0123555417926148,0.347863305278179,NA,NA,NA,"C4_M2_T2"
0,0.005,0,TRUE,0.00125192926988896,0,0.0123555417926148,0.347863305278179,0.0127525177528917,0.347863305278179,0.000396975960276866,"C4_M2_T2"
0.0025,0.005,0,TRUE,0.00111235301135752,0,0.0123555417926148,0.347863305278179,0.0127525177528917,0.322651439385244,0.000396975960276866,"C4_M2_T2"
0.005,0.005,0,TRUE,0.000823531288772455,0,0.0123555417926148,0.347863305278179,0.0127525177528917,0.302448612944385,0.000396975960276866,"C4_M2_T2"
0.01,0.005,0,TRUE,0.000164324958478785,0,0.0123555417926148,0.347863305278179,0.0127525177528917,0.267070169382268,0.000396975960276866,"C4_M2_T2"
0.02,0.005,0,FALSE,-0.00191649740333664,3,0.0123555417926148,0.347863305278179,NA,NA,NA,"C4_M2_T2"
0.05,0.005,0,FALSE,-0.0140665203611849,7,0.0123555417926148,0.347863305278179,NA,NA,NA,"C4_M2_T2"
0,0.01,0,TRUE,0.00123401756968324,0,0.0123555417926148,0.347863305278179,0.0131758975132386,0.347863305278179,0.000820355720623805,"C4_M2_T2"
0.0025,0.01,0,TRUE,0.00109757707439237,0,0.0123555417926148,0.347863305278179,0.0131758975132386,0.322651439385244,0.000820355720623805,"C4_M2_T2"
0.005,0.01,0,TRUE,0.000816940792339241,0,0.0123555417926148,0.347863305278179,0.0131758975132386,0.302448612944385,0.000820355720623805,"C4_M2_T2"
0.01,0.01,0,TRUE,0.000156015922057131,0,0.0123555417926148,0.347863305278179,0.0131758975132386,0.267070169382268,0.000820355720623805,"C4_M2_T2"
0.02,0.01,0,FALSE,-0.00194961687908102,4,0.0123555417926148,0.347863305278179,NA,NA,NA,"C4_M2_T2"
0.05,0.01,0,FALSE,-0.0140881747470289,7,0.0123555417926148,0.347863305278179,NA,NA,NA,"C4_M2_T2"
0,0.02,0,TRUE,0.00119707468800895,0,0.0123555417926148,0.347863305278179,0.0141163831448056,0.347863305278179,0.00176084135219077,"C4_M2_T2"
0.0025,0.02,0,TRUE,0.00106710170440175,0,0.0123555417926148,0.347863305278179,0.0141163831448056,0.322651439385244,0.00176084135219077,"C4_M2_T2"
0.005,0.02,0,TRUE,0.000803347893445737,0,0.0123555417926148,0.347863305278179,0.0141163831448056,0.302448612944385,0.00176084135219077,"C4_M2_T2"
0.01,0.02,0,TRUE,0.000138878534437469,0,0.0123555417926148,0.347863305278179,0.0141163831448056,0.267070169382268,0.00176084135219077,"C4_M2_T2"
0.02,0.02,0,FALSE,-0.0020179257978038,4,0.0123555417926148,0.347863305278179,NA,NA,NA,"C4_M2_T2"
0.05,0.02,0,FALSE,-0.014132836917832,7,0.0123555417926148,0.347863305278179,NA,NA,NA,"C4_M2_T2"
0,0.05,0,TRUE,0.00107639460787293,0,0.0123555417926148,0.347863305278179,0.0182724462798677,0.347863305278179,0.00591690448725295,"C4_M2_T2"
0.0025,0.05,0,TRUE,0.000967548829099039,0,0.0123555417926148,0.347863305278179,0.0182724462798677,0.322651439385244,0.00591690448725295,"C4_M2_T2"
0.005,0.05,0,TRUE,0.000758944423726955,0,0.0123555417926148,0.347863305278179,0.0182724462798677,0.302448612944385,0.00591690448725295,"C4_M2_T2"
0.01,0.05,0,TRUE,8.28964015465744e-05,0,0.0123555417926148,0.347863305278179,0.0182724462798677,0.267070169382268,0.00591690448725295,"C4_M2_T2"
0.02,0.05,0,FALSE,-0.00224106826563156,5,0.0123555417926148,0.347863305278179,NA,NA,NA,"C4_M2_T2"
0.05,0.05,0,FALSE,-0.0142787333424556,9,0.0123555417926148,0.347863305278179,NA,NA,NA,"C4_M2_T2"
0,0,0.0025,TRUE,0.00122777603218833,0,0.0123555417926148,0.347863305278179,0.0123779899663942,0.347863305278179,2.24481737794088e-05,"C4_M2_T2"
0.0025,0,0.0025,TRUE,0.00108607390309714,0,0.0123555417926148,0.347863305278179,0.0123779899663942,0.322651439385244,2.24481737794088e-05,"C4_M2_T2"
0.005,0,0.0025,TRUE,0.000822920089367109,0,0.0123555417926148,0.347863305278179,0.0123779899663942,0.302448612944385,2.24481737794088e-05,"C4_M2_T2"
0.01,0,0.0025,TRUE,0.000168281064979279,0,0.0123555417926148,0.347863305278179,0.0123779899663942,0.267070169382268,2.24481737794088e-05,"C4_M2_T2"
0.02,0,0.0025,FALSE,-0.00188580003739358,3,0.0123555417926148,0.347863305278179,NA,NA,NA,"C4_M2_T2"
0.05,0,0.0025,FALSE,-0.0140664839169762,7,0.0123555417926148,0.347863305278179,NA,NA,NA,"C4_M2_T2"
0,0.0025,0.0025,TRUE,0.00121895864982986,0,0.0123555417926148,0.347863305278179,0.0125732828445464,0.347863305278179,0.000217741051931574,"C4_M2_T2"
0.0025,0.0025,0.0025,TRUE,0.00107878651491904,0,0.0123555417926148,0.347863305278179,0.0125732828445464,0.322651439385244,0.000217741051931574,"C4_M2_T2"
0.005,0.0025,0.0025,TRUE,0.000819745854958698,0,0.0123555417926148,0.347863305278179,0.0125732828445464,0.302448612944385,0.000217741051931574,"C4_M2_T2"
0.01,0.0025,0.0025,TRUE,0.000164264787889923,0,0.0123555417926148,0.347863305278179,0.0125732828445464,0.267070169382268,0.000217741051931574,"C4_M2_T2"
0.02,0.0025,0.0025,FALSE,-0.00190197308017206,3,0.0123555417926148,0.347863305278179,NA,NA,NA,"C4_M2_T2"
0.05,0.0025,0.0025,FALSE,-0.0140770390684422,7,0.0123555417926148,0.347863305278179,NA,NA,NA,"C4_M2_T2"
0,0.005,0.0025,TRUE,0.00121005220300313,0,0.0123555417926148,0.347863305278179,0.0127747987847232,0.347863305278179,0.00041925699210838,"C4_M2_T2"
0.0025,0.005,0.0025,TRUE,0.00107142551675933,0,0.0123555417926148,0.347863305278179,0.0127747987847232,0.322651439385244,0.00041925699210838,"C4_M2_T2"
0.005,0.005,0.0025,TRUE,0.000816539557576466,0,0.0123555417926148,0.347863305278179,0.0127747987847232,0.302448612944385,0.00041925699210838,"C4_M2_T2"
0.01,0.005,0.0025,TRUE,0.000160207942345119,0,0.0123555417926148,0.347863305278179,0.0127747987847232,0.267070169382268,0.00041925699210838,"C4_M2_T2"
0.02,0.005,0.0025,FALSE,-0.00191830948701901,3,0.0123555417926148,0.347863305278179,NA,NA,NA,"C4_M2_T2"
0.05,0.005,0.0025,FALSE,-0.0140877008375997,7,0.0123555417926148,0.347863305278179,NA,NA,NA,"C4_M2_T2"
0,0.01,0.0025,TRUE,0.00119196666301824,0,0.0123555417926148,0.347863305278179,0.0131980103840584,0.347863305278179,0.000842468591443657,"C4_M2_T2"
0.0025,0.01,0.0025,TRUE,0.00105647818376157,0,0.0123555417926148,0.347863305278179,0.0131980103840584,0.322651439385244,0.000842468591443657,"C4_M2_T2"
0.005,0.01,0.0025,TRUE,0.00081002881085132,0,0.0123555417926148,0.347863305278179,0.0131980103840584,0.302448612944385,0.000842468591443657,"C4_M2_T2"
0.01,0.01,0.0025,TRUE,0.00015197006210618,0,0.0123555417926148,0.347863305278179,0.0131980103840584,0.267070169382268,0.000842468591443657,"C4_M2_T2"
0.02,0.01,0.0025,FALSE,-0.00195148239480007,4,0.0123555417926148,0.347863305278179,NA,NA,NA,"C4_M2_T2"
0.05,0.01,0.0025,FALSE,-0.0141093507566032,7,0.0123555417926148,0.347863305278179,NA,NA,NA,"C4_M2_T2"
0,0.02,0.0025,TRUE,0.0011546652367994,0,0.0123555417926148,0.347863305278179,0.0141381689078798,0.347863305278179,0.00178262711526503,"C4_M2_T2"
0.0025,0.02,0.0025,TRUE,0.00102564930945369,0,0.0123555417926148,0.347863305278179,0.0141381689078798,0.322651439385244,0.00178262711526503,"C4_M2_T2"
0.005,0.02,0.0025,TRUE,0.000796600395730708,0,0.0123555417926148,0.347863305278179,0.0141381689078798,0.302448612944385,0.00178262711526503,"C4_M2_T2"
0.01,0.02,0.0025,TRUE,0.000134979434113369,0,0.0123555417926148,0.347863305278179,0.0141381689078798,0.267070169382268,0.00178262711526503,"C4_M2_T2"
0.02,0.02,0.0025,FALSE,-0.00201990151709849,4,0.0123555417926148,0.347863305278179,NA,NA,NA,"C4_M2_T2"
0.05,0.02,0.0025,FALSE,-0.0141540037145481,7,0.0123555417926148,0.347863305278179,NA,NA,NA,"C4_M2_T2"
0,0.05,0.0025,TRUE,0.00103281391115118,0,0.0123555417926148,0.347863305278179,0.0182944562664436,0.347863305278179,0.00593891447382883,"C4_M2_T2"
0.0025,0.05,0.0025,TRUE,0.000924941653381262,0,0.0123555417926148,0.347863305278179,0.0182944562664436,0.322651439385244,0.00593891447382883,"C4_M2_T2"
0.005,0.05,0.0025,TRUE,0.00075273423967004,0,0.0123555417926148,0.347863305278179,0.0182944562664436,0.302448612944385,0.00593891447382883,"C4_M2_T2"
0.01,0.05,0.0025,TRUE,7.94767160035207e-05,0,0.0123555417926148,0.347863305278179,0.0182944562664436,0.267070169382268,0.00593891447382883,"C4_M2_T2"
0.02,0.05,0.0025,FALSE,-0.00224340398327335,5,0.0123555417926148,0.347863305278179,NA,NA,NA,"C4_M2_T2"
0.05,0.05,0.0025,FALSE,-0.0142998700438345,9,0.0123555417926148,0.347863305278179,NA,NA,NA,"C4_M2_T2"
0,0,0.005,TRUE,0.0011856480484487,0,0.0123555417926148,0.347863305278179,0.0124012683001951,0.347863305278179,4.57265075803088e-05,"C4_M2_T2"
0.0025,0,0.005,TRUE,0.00104490266422216,0,0.0123555417926148,0.347863305278179,0.0124012683001951,0.322651439385244,4.57265075803088e-05,"C4_M2_T2"
0.005,0,0.005,TRUE,0.000815778790468223,0,0.0123555417926148,0.347863305278179,0.0124012683001951,0.302448612944385,4.57265075803088e-05,"C4_M2_T2"
0.01,0,0.005,TRUE,0.000164052025390664,0,0.0123555417926148,0.347863305278179,0.0124012683001951,0.267070169382268,4.57265075803088e-05,"C4_M2_T2"
0.02,0,0.005,FALSE,-0.0018875775326324,3,0.0123555417926148,0.347863305278179,NA,NA,NA,"C4_M2_T2"
0.05,0,0.005,FALSE,-0.014087882759318,7,0.0123555417926148,0.347863305278179,NA,NA,NA,"C4_M2_T2"
0,0.0025,0.005,TRUE,0.00117674505655074,0,0.0123555417926148,0.347863305278179,0.0125964808378468,0.347863305278179,0.000240939045232048,"C4_M2_T2"
0.0025,0.0025,0.005,TRUE,0.00103753086995765,0,0.0123555417926148,0.347863305278179,0.0125964808378468,0.322651439385244,0.000240939045232048,"C4_M2_T2"
0.005,0.0025,0.005,TRUE,0.000812643829785395,0,0.0123555417926148,0.347863305278179,0.0125964808378468,0.302448612944385,0.000240939045232048,"C4_M2_T2"
0.01,0.0025,0.005,TRUE,0.00016007079003953,0,0.0123555417926148,0.347863305278179,0.0125964808378468,0.267070169382268,0.000240939045232048,"C4_M2_T2"
0.02,0.0025,0.005,FALSE,-0.00190377688867517,3,0.0123555417926148,0.347863305278179,NA,NA,NA,"C4_M2_T2"
0.05,0.0025,0.005,FALSE,-0.0140984357110334,7,0.0123555417926148,0.347863305278179,NA,NA,NA,"C4_M2_T2"
0,0.005,0.005,TRUE,0.00116775213544169,0,0.0123555417926148,0.347863305278179,0.0127979160447663,0.347863305278179,0.000442374252151535,"C4_M2_T2"
0.0025,0.005,0.005,TRUE,0.0010300846131248,0,0.0123555417926148,0.347863305278179,0.0127979160447663,0.322651439385244,0.000442374252151535,"C4_M2_T2"
0.005,0.005,0.005,TRUE,0.000809477202833043,0,0.0123555417926148,0.347863305278179,0.0127979160447663,0.302448612944385,0.000442374252151535,"C4_M2_T2"
0.01,0.005,0.005,TRUE,0.0001560493401899,0,0.0123555417926148,0.347863305278179,0.0127979160447663,0.267070169382268,0.000442374252151535,"C4_M2_T2"
0.02,0.005,0.005,FALSE,-0.00192013987457696,3,0.0123555417926148,0.347863305278179,NA,NA,NA,"C4_M2_T2"
0.05,0.005,0.005,FALSE,-0.0141090952582207,7,0.0123555417926148,0.347863305278179,NA,NA,NA,"C4_M2_T2"
0,0.01,0.005,TRUE,0.00114949099972026,0,0.0123555417926148,0.347863305278179,0.0132209660583999,0.347863305278179,0.000865424265785147,"C4_M2_T2"
0.0025,0.01,0.005,TRUE,0.00101496415282137,0,0.0123555417926148,0.347863305278179,0.0132209660583999,0.322651439385244,0.000865424265785147,"C4_M2_T2"
0.005,0.01,0.005,TRUE,0.000803047011368572,0,0.0123555417926148,0.347863305278179,0.0132209660583999,0.302448612944385,0.000865424265785147,"C4_M2_T2"
0.01,0.01,0.005,TRUE,0.000147883334882997,0,0.0123555417926148,0.347863305278179,0.0132209660583999,0.267070169382268,0.000865424265785147,"C4_M2_T2"
0.02,0.01,0.005,FALSE,-0.00195336675411224,3,0.0123555417926148,0.347863305278179,NA,NA,NA,"C4_M2_T2"
0.05,0.01,0.005,FALSE,-0.0141307406652642,7,0.0123555417926148,0.347863305278179,NA,NA,NA,"C4_M2_T2"
0,0.02,0.005,TRUE,0.0011118274072948,0,0.0123555417926148,0.347863305278179,0.014160812541924,0.347863305278179,0.00180527074930922,"C4_M2_T2"
0.0025,0.02,0.005,TRUE,0.000983778203445546,0,0.0123555417926148,0.347863305278179,0.014160812541924,0.322651439385244,0.00180527074930922,"C4_M2_T2"
0.005,0.02,0.005,TRUE,0.000789784741473103,0,0.0123555417926148,0.347863305278179,0.014160812541924,0.302448612944385,0.00180527074930922,"C4_M2_T2"
0.01,0.02,0.005,TRUE,0.000131040948937511,0,0.0123555417926148,0.347863305278179,0.014160812541924,0.267070169382268,0.00180527074930922,"C4_M2_T2"
0.02,0.02,0.005,FALSE,-0.00202189719315373,4,0.0123555417926148,0.347863305278179,NA,NA,NA,"C4_M2_T2"
0.05,0.02,0.005,FALSE,-0.0141753843172916,7,0.0123555417926148,0.347863305278179,NA,NA,NA,"C4_M2_T2"
0,0.05,0.005,TRUE,0.000988793005371638,0,0.0123555417926148,0.347863305278179,0.018317406349335,0.347863305278179,0.00596186455672025,"C4_M2_T2"
0.0025,0.05,0.005,TRUE,0.000881904102151184,0,0.0123555417926148,0.347863305278179,0.018317406349335,0.322651439385244,0.00596186455672025,"C4_M2_T2"
0.005,0.05,0.005,TRUE,0.000746461326481236,0,0.0123555417926148,0.347863305278179,0.018317406349335,0.302448612944385,0.00596186455672025,"C4_M2_T2"
0.01,0.05,0.005,TRUE,7.60224881822544e-05,0,0.0123555417926148,0.347863305278179,0.018317406349335,0.267070169382268,0.00596186455672025,"C4_M2_T2"
0.02,0.05,0.005,FALSE,-0.00224576329402263,5,0.0123555417926148,0.347863305278179,NA,NA,NA,"C4_M2_T2"
0.05,0.05,0.005,FALSE,-0.0143212202472476,9,0.0123555417926148,0.347863305278179,NA,NA,NA,"C4_M2_T2"
0,0,0.01,TRUE,0.00110010244881415,0,0.0123555417926148,0.347863305278179,0.0124505241121115,0.347863305278179,9.49823194967281e-05,"C4_M2_T2"
0.0025,0,0.01,TRUE,0.000961299842425012,0,0.0123555417926148,0.347863305278179,0.0124505241121115,0.322651439385244,9.49823194967281e-05,"C4_M2_T2"
0.005,0,0.01,TRUE,0.00080127758147967,0,0.0123555417926148,0.347863305278179,0.0124505241121115,0.302448612944385,9.49823194967281e-05,"C4_M2_T2"
0.01,0,0.01,TRUE,0.000155464485817866,0,0.0123555417926148,0.347863305278179,0.0124505241121115,0.267070169382268,9.49823194967281e-05,"C4_M2_T2"
0.02,0,0.01,FALSE,-0.00189118693622959,4,0.0123555417926148,0.347863305278179,NA,NA,NA,"C4_M2_T2"
0.05,0,0.01,FALSE,-0.0141313355106038,7,0.0123555417926148,0.347863305278179,NA,NA,NA,"C4_M2_T2"
0,0.0025,0.01,TRUE,0.00109102561713701,0,0.0123555417926148,0.347863305278179,0.0126455874071317,0.347863305278179,0.000290045614516931,"C4_M2_T2"
0.0025,0.0025,0.01,TRUE,0.000953756652127884,0,0.0123555417926148,0.347863305278179,0.0126455874071317,0.322651439385244,0.000290045614516931,"C4_M2_T2"
0.005,0.0025,0.01,TRUE,0.00079822237050491,0,0.0123555417926148,0.347863305278179,0.0126455874071317,0.302448612944385,0.000290045614516931,"C4_M2_T2"
0.01,0.0025,0.01,TRUE,0.000151554406649448,0,0.0123555417926148,0.347863305278179,0.0126455874071317,0.267070169382268,0.000290045614516931,"C4_M2_T2"
0.02,0.0025,0.01,FALSE,-0.00190743972430904,4,0.0123555417926148,0.347863305278179,NA,NA,NA,"C4_M2_T2"
0.05,0.0025,0.01,FALSE,-0.0141418839954788,7,0.0123555417926148,0.347863305278179,NA,NA,NA,"C4_M2_T2"
0,0.005,0.01,TRUE,0.00108185710029142,0,0.0123555417926148,0.347863305278179,0.0128468730308318,0.347863305278179,0.000491331238217013,"C4_M2_T2"
0.0025,0.005,0.01,TRUE,0.000946137267989371,0,0.0123555417926148,0.347863305278179,0.0128468730308318,0.322651439385244,0.000491331238217013,"C4_M2_T2"
0.005,0.005,0.01,TRUE,0.000795136298813233,0,0.0123555417926148,0.347863305278179,0.0128468730308318,0.302448612944385,0.000491331238217013,"C4_M2_T2"
0.01,0.005,0.01,TRUE,0.000147604831731853,0,0.0123555417926148,0.347863305278179,0.0128468730308318,0.267070169382268,0.000491331238217013,"C4_M2_T2"
0.02,0.005,0.01,FALSE,-0.00192385668196505,4,0.0123555417926148,0.347863305278179,NA,NA,NA,"C4_M2_T2"
0.05,0.005,0.01,FALSE,-0.0141525390307061,7,0.0123555417926148,0.347863305278179,NA,NA,NA,"C4_M2_T2"
0,0.01,0.01,TRUE,0.00106323939771722,0,0.0123555417926148,0.347863305278179,0.0132696251108541,0.347863305278179,0.00091408331823936,"C4_M2_T2"
0.0025,0.01,0.01,TRUE,0.000930665253259126,0,0.0123555417926148,0.347863305278179,0.0132696251108541,0.322651439385244,0.00091408331823936,"C4_M2_T2"
0.005,0.01,0.01,TRUE,0.000788869683847482,0,0.0123555417926148,0.347863305278179,0.0132696251108541,0.302448612944385,0.00091408331823936,"C4_M2_T2"
0.01,0.01,0.01,TRUE,0.000139584776542044,0,0.0123555417926148,0.347863305278179,0.0132696251108541,0.267070169382268,0.00091408331823936,"C4_M2_T2"
0.02,0.01,0.01,FALSE,-0.00195719315720532,4,0.0123555417926148,0.347863305278179,NA,NA,NA,"C4_M2_T2"
0.05,0.01,0.01,FALSE,-0.0141741752757085,7,0.0123555417926148,0.347863305278179,NA,NA,NA,"C4_M2_T2"
0,0.02,0.01,TRUE,0.00102484038615792,0,0.0123555417926148,0.347863305278179,0.0142089051069154,0.347863305278179,0.00185336331430066,"C4_M2_T2"
0.0025,0.02,0.01,TRUE,0.000898754222877994,0,0.0123555417926148,0.347863305278179,0.0142089051069154,0.322651439385244,0.00185336331430066,"C4_M2_T2"
0.005,0.02,0.01,TRUE,0.000771394461989185,0,0.0123555417926148,0.347863305278179,0.0142089051069154,0.302448612944385,0.00185336331430066,"C4_M2_T2"
0.01,0.02,0.01,TRUE,0.000123043412713063,0,0.0123555417926148,0.347863305278179,0.0142089051069154,0.267070169382268,0.00185336331430066,"C4_M2_T2"
0.02,0.02,0.01,FALSE,-0.00202594963738836,5,0.0123555417926148,0.347863305278179,NA,NA,NA,"C4_M2_T2"
0.05,0.02,0.01,FALSE,-0.0142188000310259,7,0.0123555417926148,0.347863305278179,NA,NA,NA,"C4_M2_T2"
0,0.05,0.01,TRUE,0.0008994036150642,0,0.0123555417926148,0.347863305278179,0.0183664119607722,0.347863305278179,0.00601087016815737,"C4_M2_T2"
0.0025,0.05,0.01,TRUE,0.000794511523632965,0,0.0123555417926148,0.347863305278179,0.0183664119607722,0.322651439385244,0.00601087016815737,"C4_M2_T2"
0.005,0.05,0.01,TRUE,0.000688559916126667,0,0.0123555417926148,0.347863305278179,0.0183664119607722,0.302448612944385,0.00601087016815737,"C4_M2_T2"
0.01,0.05,0.01,TRUE,6.90082908717238e-05,0,0.0123555417926148,0.347863305278179,0.0183664119607722,0.267070169382268,0.00601087016815737,"C4_M2_T2"
0.02,0.05,0.01,FALSE,-0.00225055413931963,5,0.0123555417926148,0.347863305278179,NA,NA,NA,"C4_M2_T2"
0.05,0.05,0.01,FALSE,-0.0143645742317292,9,0.0123555417926148,0.347863305278179,NA,NA,NA,"C4_M2_T2"
0,0,0.02,TRUE,0.000923664649567879,0,0.0123555417926148,0.347863305278179,0.0125615972150308,0.347863305278179,0.000206055422416019,"C4_M2_T2"
0.0025,0,0.02,TRUE,0.000788869022468389,0,0.0123555417926148,0.347863305278179,0.0125615972150308,0.322651439385244,0.000206055422416019,"C4_M2_T2"
0.005,0,0.02,TRUE,0.000652711823377995,0,0.0123555417926148,0.347863305278179,0.0125615972150308,0.302448612944385,0.000206055422416019,"C4_M2_T2"
0.01,0,0.02,TRUE,0.00013775268544897,0,0.0123555417926148,0.347863305278179,0.0125615972150308,0.267070169382268,0.000206055422416019,"C4_M2_T2"
0.02,0,0.02,FALSE,-0.00189863133114881,4,0.0123555417926148,0.347863305278179,NA,NA,NA,"C4_M2_T2"
0.05,0,0.02,FALSE,-0.0142209568101309,7,0.0123555417926148,0.347863305278179,NA,NA,NA,"C4_M2_T2"
0,0.0025,0.02,TRUE,0.000914229273346196,0,0.0123555417926148,0.347863305278179,0.0127564321221108,0.347863305278179,0.00040089032949599,"C4_M2_T2"
0.0025,0.0025,0.02,TRUE,0.000780972327854001,0,0.0123555417926148,0.347863305278179,0.0127564321221108,0.322651439385244,0.00040089032949599,"C4_M2_T2"
0.005,0.0025,0.02,TRUE,0.000646369352609359,0,0.0123555417926148,0.347863305278179,0.0127564321221108,0.302448612944385,0.00040089032949599,"C4_M2_T2"
0.01,0.0025,0.02,TRUE,0.000133989365907402,0,0.0123555417926148,0.347863305278179,0.0127564321221108,0.267070169382268,0.00040089032949599,"C4_M2_T2"
0.02,0.0025,0.02,FALSE,-0.0019149943228039,4,0.0123555417926148,0.347863305278179,NA,NA,NA,"C4_M2_T2"
0.05,0.0025,0.02,FALSE,-0.0142314960821476,7,0.0123555417926148,0.347863305278179,NA,NA,NA,"C4_M2_T2"
0,0.005,0.02,TRUE,0.000904698590293991,0,0.0123555417926148,0.347863305278179,0.0129574914209898,0.347863305278179,0.000601949628375058,"C4_M2_T2"
0.0025,0.005,0.02,TRUE,0.000772995868647548,0,0.0123555417926148,0.347863305278179,0.0129574914209898,0.322651439385244,0.000601949628375058,"C4_M2_T2"
0.005,0.005,0.02,TRUE,0.000639962816479424,0,0.0123555417926148,0.347863305278179,0.0129574914209898,0.302448612944385,0.000601949628375058,"C4_M2_T2"
0.01,0.005,0.02,TRUE,0.000130188033037132,0,0.0123555417926148,0.347863305278179,0.0129574914209898,0.267070169382268,0.000601949628375058,"C4_M2_T2"
0.02,0.005,0.02,FALSE,-0.00193152259720299,4,0.0123555417926148,0.347863305278179,NA,NA,NA,"C4_M2_T2"
0.05,0.005,0.02,FALSE,-0.0142421418114574,7,0.0123555417926148,0.347863305278179,NA,NA,NA,"C4_M2_T2"
0,0.01,0.02,TRUE,0.000885345468585941,0,0.0123555417926148,0.347863305278179,0.0133798023125858,0.347863305278179,0.001024260519971,"C4_M2_T2"
0.0025,0.01,0.02,TRUE,0.000756798772911996,0,0.0123555417926148,0.347863305278179,0.0133798023125858,0.322651439385244,0.001024260519971,"C4_M2_T2"
0.005,0.01,0.02,TRUE,0.000626953625766596,0,0.0123555417926148,0.347863305278179,0.0133798023125858,0.302448612944385,0.001024260519971,"C4_M2_T2"
0.01,0.01,0.02,TRUE,0.000122468999963828,0,0.0123555417926148,0.347863305278179,0.0133798023125858,0.267070169382268,0.001024260519971,"C4_M2_T2"
0.02,0.01,0.02,FALSE,-0.00196508511358479,4,0.0123555417926148,0.347863305278179,NA,NA,NA,"C4_M2_T2"
0.05,0.01,0.02,FALSE,-0.0142637591597498,7,0.0123555417926148,0.347863305278179,NA,NA,NA,"C4_M2_T2"
0,0.02,0.02,TRUE,0.00084542965506309,0,0.0123555417926148,0.347863305278179,0.0143183013644892,0.347863305278179,0.00196275957187444,"C4_M2_T2"
0.0025,0.02,0.02,TRUE,0.00072339226295742,0,0.0123555417926148,0.347863305278179,0.0143183013644892,0.322651439385244,0.00196275957187444,"C4_M2_T2"
0.005,0.02,0.02,TRUE,0.000600122169921389,0,0.0123555417926148,0.347863305278179,0.0143183013644892,0.302448612944385,0.00196275957187444,"C4_M2_T2"
0.01,0.02,0.02,TRUE,0.000106548494250139,0,0.0123555417926148,0.347863305278179,0.0143183013644892,0.267070169382268,0.00196275957187444,"C4_M2_T2"
0.02,0.02,0.02,FALSE,-0.00203430780362227,5,0.0123555417926148,0.347863305278179,NA,NA,NA,"C4_M2_T2"
0.05,0.02,0.02,FALSE,-0.0143083449406028,7,0.0123555417926148,0.347863305278179,NA,NA,NA,"C4_M2_T2"
0,0.05,0.02,TRUE,0.000715037997555109,0,0.0123555417926148,0.347863305278179,0.0184793702418523,0.347863305278179,0.00612382844923748,"C4_M2_T2"
0.0025,0.05,0.02,TRUE,0.000614264330439138,0,0.0123555417926148,0.347863305278179,0.0184793702418523,0.322651439385244,0.00612382844923748,"C4_M2_T2"
0.005,0.05,0.02,TRUE,0.000512472747493713,0,0.0123555417926148,0.347863305278179,0.0184793702418523,0.302448612944385,0.00612382844923748,"C4_M2_T2"
0.01,0.05,0.02,TRUE,5.45415089187545e-05,0,0.0123555417926148,0.347863305278179,0.0184793702418523,0.267070169382268,0.00612382844923748,"C4_M2_T2"
0.02,0.05,0.02,FALSE,-0.00226043525774471,6,0.0123555417926148,0.347863305278179,NA,NA,NA,"C4_M2_T2"
0.05,0.05,0.02,FALSE,-0.0144539918247226,9,0.0123555417926148,0.347863305278179,NA,NA,NA,"C4_M2_T2"
0,0,0.05,TRUE,0.000347301172030075,0,0.0123555417926148,0.347863305278179,0.0130615561686426,0.347863305278179,0.000706014376027858,"C4_M2_T2"
0.0025,0,0.05,TRUE,0.000225595010610087,0,0.0123555417926148,0.347863305278179,0.0130615561686426,0.322651439385244,0.000706014376027858,"C4_M2_T2"
0.005,0,0.05,TRUE,0.000102659494024241,0,0.0123555417926148,0.347863305278179,0.0130615561686426,0.302448612944385,0.000706014376027858,"C4_M2_T2"
0.01,0,0.05,FALSE,-0.000146974871287835,1,0.0123555417926148,0.347863305278179,NA,NA,NA,"C4_M2_T2"
0.02,0,0.05,FALSE,-0.00192294968788493,4,0.0123555417926148,0.347863305278179,NA,NA,NA,"C4_M2_T2"
0.05,0,0.05,FALSE,-0.0145137197219193,7,0.0123555417926148,0.347863305278179,NA,NA,NA,"C4_M2_T2"
0,0.0025,0.05,TRUE,0.000336694550296196,0,0.0123555417926148,0.347863305278179,0.0132577418347897,0.347863305278179,0.000902200042174922,"C4_M2_T2"
0.0025,0.0025,0.05,TRUE,0.000216543535225981,0,0.0123555417926148,0.347863305278179,0.0132577418347897,0.322651439385244,0.000902200042174922,"C4_M2_T2"
0.005,0.0025,0.05,TRUE,9.51788735388959e-05,0,0.0123555417926148,0.347863305278179,0.0132577418347897,0.302448612944385,0.000902200042174922,"C4_M2_T2"
0.01,0.0025,0.05,FALSE,-0.000151265694580798,1,0.0123555417926148,0.347863305278179,NA,NA,NA,"C4_M2_T2"
0.02,0.0025,0.05,FALSE,-0.00193967267788712,4,0.0123555417926148,0.347863305278179,NA,NA,NA,"C4_M2_T2"
0.05,0.0025,0.05,FALSE,-0.0145242288985989,7,0.0123555417926148,0.347863305278179,NA,NA,NA,"C4_M2_T2"
0,0.005,0.05,TRUE,0.000325980790969045,0,0.0123555417926148,0.347863305278179,0.0134602607293571,0.347863305278179,0.00110471893674235,"C4_M2_T2"
0.0025,0.005,0.05,TRUE,0.000207400630797592,0,0.0123555417926148,0.347863305278179,0.0134602607293571,0.322651439385244,0.00110471893674235,"C4_M2_T2"
0.005,0.005,0.05,TRUE,8.76226912304669e-05,0,0.0123555417926148,0.347863305278179,0.0134602607293571,0.302448612944385,0.00110471893674235,"C4_M2_T2"
0.01,0.005,0.05,FALSE,-0.000155599859523184,1,0.0123555417926148,0.347863305278179,NA,NA,NA,"C4_M2_T2"
0.02,0.005,0.05,FALSE,-0.00195656458698023,4,0.0123555417926148,0.347863305278179,NA,NA,NA,"C4_M2_T2"
0.05,0.005,0.05,FALSE,-0.0145348442285782,7,0.0123555417926148,0.347863305278179,NA,NA,NA,"C4_M2_T2"
0,0.01,0.05,TRUE,0.000304225300090443,0,0.0123555417926148,0.347863305278179,0.0138858655892466,0.347863305278179,0.00153032379663177,"C4_M2_T2"
0.0025,0.01,0.05,TRUE,0.000188834937111371,0,0.0123555417926148,0.347863305278179,0.0138858655892466,0.322651439385244,0.00153032379663177,"C4_M2_T2"
0.005,0.01,0.05,TRUE,7.22790149102894e-05,0,0.0123555417926148,0.347863305278179,0.0138858655892466,0.302448612944385,0.00153032379663177,"C4_M2_T2"
0.01,0.01,0.05,FALSE,-0.000164400867926602,1,0.0123555417926148,0.347863305278179,NA,NA,NA,"C4_M2_T2"
0.02,0.01,0.05,FALSE,-0.00199086550442442,4,0.0123555417926148,0.347863305278179,NA,NA,NA,"C4_M2_T2"
0.05,0.01,0.05,FALSE,-0.0145563998476179,7,0.0123555417926148,0.347863305278179,NA,NA,NA,"C4_M2_T2"
0,0.02,0.05,TRUE,0.000259354600153326,0,0.0123555417926148,0.347863305278179,0.01483290169322,0.347863305278179,0.00247735990060525,"C4_M2_T2"
0.0025,0.02,0.05,TRUE,0.000150543193883543,0,0.0123555417926148,0.347863305278179,0.01483290169322,0.322651439385244,0.00247735990060525,"C4_M2_T2"
0.005,0.02,0.05,TRUE,4.06326824999234e-05,0,0.0123555417926148,0.347863305278179,0.01483290169322,0.302448612944385,0.00247735990060525,"C4_M2_T2"
0.01,0.02,0.05,FALSE,-0.00018255294775865,1,0.0123555417926148,0.347863305278179,NA,NA,NA,"C4_M2_T2"
0.02,0.02,0.05,FALSE,-0.00206161114665306,5,0.0123555417926148,0.347863305278179,NA,NA,NA,"C4_M2_T2"
0.05,0.02,0.05,FALSE,-0.0146008583118874,7,0.0123555417926148,0.347863305278179,NA,NA,NA,"C4_M2_T2"
0,0.05,0.05,TRUE,0.000112776980358744,0,0.0123555417926148,0.347863305278179,0.0190625291812466,0.347863305278179,0.00670698738863185,"C4_M2_T2"
0.0025,0.05,0.05,TRUE,2.54568326726353e-05,0,0.0123555417926148,0.347863305278179,0.0190625291812466,0.322651439385244,0.00670698738863185,"C4_M2_T2"
0.005,0.05,0.05,FALSE,-6.27453367072722e-05,1,0.0123555417926148,0.347863305278179,NA,NA,NA,"C4_M2_T2"
0.01,0.05,0.05,FALSE,-0.000241849741876676,1,0.0123555417926148,0.347863305278179,NA,NA,NA,"C4_M2_T2"
0.02,0.05,0.05,FALSE,-0.00229271357793329,6,0.0123555417926148,0.347863305278179,NA,NA,NA,"C4_M2_T2"
0.05,0.05,0.05,FALSE,-0.0147460892951676,9,0.0123555417926148,0.347863305278179,NA,NA,NA,"C4_M2_T2"
