"alpha","eta","delta","compatible","minimum_canonical_coordinate","bootstrap_compatibility_fraction","minimum_coordinate_ci_lower","minimum_coordinate_ci_upper","compatibility_inference"
0,0,0,TRUE,0.00106922909563066,1,-0.000185071763244045,0.00213845819126131,"indeterminate"
0.0025,0,0,TRUE,0.000928243004465944,0.909,-0.000284505343610622,0.0020591189552715,"indeterminate"
0.005,0,0,TRUE,0.000785109916989078,0.824,-0.000402581491763087,0.00200234777464463,"indeterminate"
0.01,0,0,TRUE,0.00049220354725549,0.588,-0.000648500911527757,0.00192190621755242,"indeterminate"
0.02,0,0,FALSE,-0.000229528396735574,0.17,-0.00131052962483667,0.00206609417858755,"indeterminate"
0.05,0,0,FALSE,-0.00471411844634747,0,-0.00703610875827587,0.00136869209181672,"indeterminate"
0,0.0025,0,TRUE,0.00104514190576266,0.93,-0.000181828980410157,0.00211898384129572,"indeterminate"
0.0025,0.0025,0,TRUE,0.000904883948636209,0.897,-0.000305107773988078,0.00203842568273185,"indeterminate"
0.005,0.0025,0,TRUE,0.000762490083533214,0.812,-0.000421144583373695,0.00198485185677697,"indeterminate"
0.01,0.0025,0,TRUE,0.000471096452368838,0.569,-0.000670072695959447,0.00191702195334338,"indeterminate"
0.02,0.0025,0,FALSE,-0.000262650530388978,0.16,-0.00135871978755038,0.00203366562426016,"indeterminate"
0.05,0.0025,0,FALSE,-0.00474178742338478,0,-0.00706499009882336,0.00136145488878658,"indeterminate"
0,0.005,0,TRUE,0.00102068790589667,0.93,-0.000202347149693186,0.00209921292762507,"indeterminate"
0.0025,0.005,0,TRUE,0.000881169171144092,0.887,-0.000317429747920943,0.00202808469636787,"indeterminate"
0.005,0.005,0,TRUE,0.000739525785608479,0.792,-0.000434837236764425,0.00196699387299427,"indeterminate"
0.01,0.005,0,TRUE,0.000449667929641273,0.54,-0.000680747997288266,0.00192187301629014,"indeterminate"
0.02,0.005,0,FALSE,-0.000296277062016798,0.149,-0.001403653892893,0.00200085319681587,"indeterminate"
0.05,0.005,0,FALSE,-0.00476987775540237,0,-0.00710647918795161,0.00135410747454279,"indeterminate"
0,0.01,0,TRUE,0.000970645442253383,0.922,-0.000246937925578888,0.00206528160874198,"indeterminate"
0.0025,0.01,0,TRUE,0.000832639446070017,0.858,-0.000356097895171648,0.00199068652686659,"indeterminate"
0.005,0.01,0,TRUE,0.000692531835731574,0.759,-0.000465370953498866,0.00193091335826269,"indeterminate"
0.01,0.01,0,TRUE,0.000402673268119953,0.499,-0.000698681862241796,0.0019006744128397,"indeterminate"
0.02,0.01,0,FALSE,-0.000365090119007751,0.134,-0.0014952354293275,0.00194205567311207,"indeterminate"
0.05,0.01,0,FALSE,-0.0048273615791703,0,-0.00715470311090354,0.00133907178663152,"indeterminate"
0,0.02,0,TRUE,0.000865769215256283,0.875,-0.000345228141097383,0.00200626071348683,"indeterminate"
0.0025,0.02,0,TRUE,0.00073093353288286,0.778,-0.000445786580256803,0.00193564044498504,"indeterminate"
0.005,0.02,0,TRUE,0.000594044515244868,0.675,-0.00052745487525727,0.00188004191235521,"indeterminate"
0.01,0.02,0,TRUE,0.000257046135866294,0.423,-0.000846801966093279,0.00177225684844322,"indeterminate"
0.02,0.02,0,FALSE,-0.000509304717169641,0.108,-0.00162928393933557,0.00181944825441745,"indeterminate"
0.05,0.02,0,FALSE,-0.00494783299706694,0,-0.007327087683692,0.00132729057247549,"indeterminate"
0,0.05,0,TRUE,0.000474311466410931,0.575,-0.000736910078584958,0.00207510022401965,"indeterminate"
0.0025,0.05,0,TRUE,0.000299412378769368,0.475,-0.000892264859653513,0.0018593850057684,"indeterminate"
0.005,0.05,0,TRUE,0.000121849853244938,0.387,-0.00109043968495638,0.00171194389945142,"indeterminate"
0.01,0.05,0,FALSE,-0.000241512634555055,0.235,-0.00148223281329122,0.00155044170318367,"indeterminate"
0.02,0.05,0,FALSE,-0.0010030276355827,0.049,-0.00230522653544923,0.00151399463900951,"indeterminate"
0.05,0.05,0,FALSE,-0.00536027043951308,0,-0.00788272663121197,0.00119968211517175,"indeterminate"
0,0,0.0025,TRUE,0.000896908187839795,0.914,-0.000378094861916986,0.00197875381934579,"indeterminate"
0.0025,0,0.0025,TRUE,0.000755160677449697,0.841,-0.000489679002839971,0.00186711281786627,"indeterminate"
0.005,0,0.0025,TRUE,0.000611254575530816,0.737,-0.000602878301497157,0.00179782360000693,"indeterminate"
0.01,0,0.0025,TRUE,0.000316766315418466,0.472,-0.00085464825679184,0.0017321059047556,"indeterminate"
0.02,0,0.0025,FALSE,-0.000388094167922836,0.117,-0.00152626304667803,0.00193352852562943,"indeterminate"
0.05,0,0.0025,FALSE,-0.00490329332176788,0,-0.00727815394908263,0.00114297277310043,"indeterminate"
0,0.0025,0.0025,TRUE,0.000873020113680651,0.898,-0.000395460301558725,0.00196235684455474,"indeterminate"
0.0025,0.0025,0.0025,TRUE,0.000732005736272498,0.828,-0.000502789884718878,0.00184946781943346,"indeterminate"
0.005,0.0025,0.0025,TRUE,0.000588843931797216,0.717,-0.000621007789735381,0.00178256362848666,"indeterminate"
0.01,0.0025,0.0025,TRUE,0.000295878795834912,0.451,-0.000864315185617654,0.00171801495132139,"indeterminate"
0.02,0.0025,0.0025,FALSE,-0.000420554173462171,0.116,-0.00155643008166413,0.0019024189131301,"indeterminate"
0.05,0.0025,0.0025,FALSE,-0.00493113111394035,0,-0.00731047369847072,0.00115202055335115,"indeterminate"
0,0.005,0.0025,TRUE,0.000848768261742433,0.885,-0.000413090189519882,0.00194652194809847,"indeterminate"
0.0025,0.005,0.0025,TRUE,0.000708498181777879,0.813,-0.000518297762525113,0.00183758436465378,"indeterminate"
0.005,0.005,0.0025,TRUE,0.000566092009225033,0.693,-0.000640127719645524,0.0017740358346493,"indeterminate"
0.01,0.005,0.0025,TRUE,0.000274673192196786,0.437,-0.000868860236628588,0.00170903368603919,"indeterminate"
0.02,0.005,0.0025,FALSE,-0.000453508493806674,0.113,-0.0015870565131221,0.0018803061621193,"indeterminate"
0.05,0.005,0.0025,FALSE,-0.00495939283188195,0,-0.00733368170538713,0.00116398959897886,"indeterminate"
0,0.01,0.0025,TRUE,0.000799139471951337,0.856,-0.000449167846842455,0.00190784991133805,"indeterminate"
0.0025,0.01,0.0025,TRUE,0.00066039251613683,0.77,-0.000558876743219164,0.00180107099738069,"indeterminate"
0.005,0.01,0.0025,TRUE,0.00051953266251804,0.649,-0.000668156616058552,0.00176092136478956,"indeterminate"
0.01,0.01,0.0025,TRUE,0.000231278219803302,0.404,-0.000887105624429577,0.00169960777317583,"indeterminate"
0.02,0.01,0.0025,FALSE,-0.000520945943171456,0.103,-0.0016600882363105,0.00180928609356418,"indeterminate"
0.05,0.01,0.0025,FALSE,-0.0050172273783913,0,-0.00739622700865142,0.00116957375734386,"indeterminate"
0,0.02,0.0025,TRUE,0.000695130199729573,0.787,-0.000531409597424998,0.00183843508121768,"indeterminate"
0.0025,0.02,0.0025,TRUE,0.0005595753232508,0.68,-0.000641226970925234,0.00176500044185828,"indeterminate"
0.005,0.02,0.0025,TRUE,0.00042195615931296,0.554,-0.000748016606083604,0.00171181935699269,"indeterminate"
0.01,0.02,0.0025,TRUE,0.000107769883096467,0.35,-0.00103165234804379,0.00164647093422038,"indeterminate"
0.02,0.02,0.0025,FALSE,-0.00066227761896786,0.077,-0.00185763302389674,0.00167245398858711,"indeterminate"
0.05,0.02,0.0025,FALSE,-0.00513843382160771,0,-0.00756243974925792,0.00117343210111367,"indeterminate"
0,0.05,0.0025,TRUE,0.000337893345540228,0.47,-0.000854438440260041,0.00190813445008807,"indeterminate"
0.0025,0.05,0.0025,TRUE,0.000162202833373174,0.399,-0.00104476568730485,0.00172325142537099,"indeterminate"
0.005,0.05,0.0025,FALSE,-1.61631688268812e-05,0.309,-0.00126031568049548,0.00159694298551503,"indeterminate"
0.01,0.05,0.0025,FALSE,-0.000381169884669261,0.187,-0.00167679724255782,0.00141312040423394,"indeterminate"
0.02,0.05,0.0025,FALSE,-0.00114613076787085,0.035,-0.0024410235834956,0.00134927597935034,"indeterminate"
0.05,0.05,0.0025,FALSE,-0.00555338764485448,0,-0.00813795346715568,0.00106561045009238,"indeterminate"
0,0,0.005,TRUE,0.000721963103788159,0.832,-0.000552403161058747,0.00182926729617224,"indeterminate"
0.0025,0,0.005,TRUE,0.000579442578956046,0.728,-0.000678325072229137,0.00172557331312263,"indeterminate"
0.005,0,0.005,TRUE,0.000434751690801616,0.614,-0.000808245954033681,0.00165282562197236,"indeterminate"
0.01,0,0.005,TRUE,0.000138657450609304,0.385,-0.00105521711279019,0.00157131428193317,"indeterminate"
0.02,0,0.005,FALSE,-0.000549074646285537,0.086,-0.00171346018669292,0.00179877775657652,"indeterminate"
0.05,0,0.005,FALSE,-0.00509534903285459,0,-0.00751699714832179,0.000971944887398711,"indeterminate"
0,0.0025,0.005,TRUE,0.000698277177556785,0.819,-0.000570869268291608,0.00180287818968702,"indeterminate"
0.0025,0.0025,0.005,TRUE,0.000556494860776345,0.714,-0.000692978739453223,0.00170206236018956,"indeterminate"
0.005,0.0025,0.005,TRUE,0.000412553422420568,0.594,-0.000829530163191123,0.00163961272234366,"indeterminate"
0.01,0.0025,0.005,TRUE,0.000117992850115189,0.363,-0.0010711612761323,0.00154698700480242,"indeterminate"
0.02,0.0025,0.005,FALSE,-0.000580862440541555,0.081,-0.00176122698950357,0.00176921444264542,"indeterminate"
0.05,0.0025,0.005,FALSE,-0.00512335821095108,0,-0.00754030456062695,0.000963577326302765,"indeterminate"
0,0.005,0.005,TRUE,0.000674230551941177,0.799,-0.000589540086126714,0.00179368759451773,"indeterminate"
0.0025,0.005,0.005,TRUE,0.00053319768495939,0.694,-0.0007100565971115,0.00168474918671048,"indeterminate"
0.005,0.005,0.005,TRUE,0.000390017109343362,0.568,-0.00084924161102264,0.00162018961955227,"indeterminate"
0.01,0.005,0.005,TRUE,9.70135602734488e-05,0.348,-0.00108824032925549,0.00155027416908104,"indeterminate"
0.02,0.005,0.005,FALSE,-0.00061313431288269,0.079,-0.00179225346332461,0.00173881897568209,"indeterminate"
0.05,0.005,0.005,FALSE,-0.00515179392475463,0,-0.00756473296427157,0.000955082340418544,"indeterminate"
0,0.01,0.005,TRUE,0.000625021735604082,0.763,-0.000621019983526017,0.00177653760925839,"indeterminate"
0.0025,0.01,0.005,TRUE,0.000485522536509228,0.651,-0.000753779263179429,0.00165226990692388,"indeterminate"
0.005,0.01,0.005,TRUE,0.000343898984128666,0.519,-0.000892048727285736,0.00157420277891664,"indeterminate"
0.01,0.01,0.005,TRUE,5.40817145663819e-05,0.322,-0.00110439531327475,0.00154244270511266,"indeterminate"
0.02,0.01,0.005,FALSE,-0.000679175206281816,0.072,-0.00187856224576497,0.00167718010474943,"indeterminate"
0.05,0.01,0.005,FALSE,-0.00520998453496084,0,-0.00764894398287808,0.000937698271366827,"indeterminate"
0,0.02,0.005,TRUE,0.000521892620514639,0.66,-0.00070883213698272,0.00168796943648285,"indeterminate"
0.0025,0.02,0.005,TRUE,0.000385607597736019,0.556,-0.000838681262037977,0.00161104224409444,"indeterminate"
0.005,0.02,0.005,TRUE,0.000247247168519145,0.443,-0.000961399664738459,0.00156029935511391,"indeterminate"
0.01,0.02,0.005,FALSE,-4.37796121013272e-05,0.273,-0.00116754954899585,0.0015062031733059,"indeterminate"
0.02,0.02,0.005,FALSE,-0.000817580057341688,0.055,-0.00207941193903482,0.00156700989337348,"indeterminate"
0.05,0.02,0.005,FALSE,-0.00533193719677601,0,-0.00780380763795555,0.000973228027988784,"indeterminate"
0,0.05,0.005,TRUE,0.000168827061796661,0.392,-0.00102630884276849,0.00170212751141928,"indeterminate"
0.0025,0.05,0.005,TRUE,2.29038025140934e-05,0.312,-0.00115611949005463,0.00160243627351764,"indeterminate"
0.005,0.05,0.005,FALSE,-0.000156277912047002,0.244,-0.00136847193823186,0.00147909958424536,"indeterminate"
0.01,0.05,0.005,FALSE,-0.000522953894937492,0.145,-0.00178100247698239,0.0013059389237732,"indeterminate"
0.02,0.05,0.005,FALSE,-0.00129141313567607,0.028,-0.00259169212071829,0.00123441398441134,"indeterminate"
0.05,0.05,0.005,FALSE,-0.00574944572134321,0,-0.00838612830685534,0.000929497084529562,"indeterminate"
0,0,0.01,TRUE,0.000363956926630945,0.553,-0.000886871931567505,0.00171703449291529,"indeterminate"
0.0025,0,0.01,TRUE,0.000219854511420069,0.461,-0.00103341263195535,0.00162392655042581,"indeterminate"
0.005,0,0.01,TRUE,7.35576431856766e-05,0.376,-0.00119217725524662,0.00147239377355797,"indeterminate"
0.01,0,0.01,FALSE,-0.000225823061397074,0.217,-0.00145090053107058,0.00132171102764983,"indeterminate"
0.02,0,0.01,FALSE,-0.000878503769532921,0.045,-0.00203248159813013,0.00145786472696706,"indeterminate"
0.05,0,0.01,FALSE,-0.00548837025605781,0,-0.0079787981175602,0.000639147697122533,"indeterminate"
0,0.0025,0.01,TRUE,0.000340684674251762,0.535,-0.000915919618185754,0.00168186987189688,"indeterminate"
0.0025,0.0025,0.01,TRUE,0.000197330852673393,0.444,-0.0010475320660631,0.00159058141171074,"indeterminate"
0.005,0.0025,0.01,TRUE,5.17939779745411e-05,0.358,-0.00120228008927517,0.00145471020175777,"indeterminate"
0.01,0.0025,0.01,FALSE,-0.000246031482105067,0.202,-0.0014660022599346,0.00129318040970681,"indeterminate"
0.02,0.0025,0.01,FALSE,-0.000908915956162768,0.043,-0.00207145413093123,0.00142396166341615,"indeterminate"
0.05,0.0025,0.01,FALSE,-0.00551673015689572,0,-0.00800945143853221,0.000632551957379386,"indeterminate"
0,0.005,0.01,TRUE,0.000317058022090154,0.519,-0.000936304118531674,0.00164596408401872,"indeterminate"
0.0025,0.005,0.01,TRUE,0.000174464194047326,0.423,-0.00106715640624597,0.0015565264797854,"indeterminate"
0.005,0.005,0.01,TRUE,2.96988863896321e-05,0.348,-0.00119314711462272,0.00143923037778647,"indeterminate"
0.01,0.005,0.01,FALSE,-0.000266547645260391,0.192,-0.0014867845017375,0.00126128606452545,"indeterminate"
0.02,0.005,0.01,FALSE,-0.000939791272538248,0.04,-0.00211087728515526,0.00141611080681704,"indeterminate"
0.05,0.005,0.01,FALSE,-0.00554552193439613,0,-0.00803518021440562,0.000625855774899034,"indeterminate"
0,0.01,0.01,TRUE,0.000268708635965628,0.485,-0.000977025394644164,0.00158426245648238,"indeterminate"
0.0025,0.01,0.01,TRUE,0.000127670052425942,0.395,-0.00110717271612374,0.00148683674795881,"indeterminate"
0.005,0.01,0.01,FALSE,-1.55163268021663e-05,0.317,-0.00124442615503485,0.00140320458189075,"indeterminate"
0.01,0.01,0.01,FALSE,-0.000308531752335975,0.176,-0.00149595844492984,0.00122708298279866,"indeterminate"
0.02,0.01,0.01,FALSE,-0.00100297426532724,0.037,-0.0021807240434681,0.0013970959154559,"indeterminate"
0.05,0.01,0.01,FALSE,-0.00560444119041501,0,-0.00808783136915686,0.000612152762297499,"indeterminate"
0,0.02,0.01,TRUE,0.000167380667172737,0.411,-0.00106443478294687,0.00148510024710771,"indeterminate"
0.0025,0.02,0.01,TRUE,2.9601479027934e-05,0.338,-0.00119144636852089,0.00140562970861618,"indeterminate"
0.005,0.02,0.01,FALSE,-0.000110275869342425,0.262,-0.00135287805957153,0.00131015074103335,"indeterminate"
0.01,0.02,0.01,FALSE,-0.000396519721419912,0.143,-0.00152677918443302,0.00124072267876756,"indeterminate"
0.02,0.02,0.01,FALSE,-0.00113538968638503,0.032,-0.00233846588786924,0.00127829357292122,"indeterminate"
0.05,0.02,0.01,FALSE,-0.00572792090781628,0,-0.00826495722743165,0.000583434746526182,"indeterminate"
0,0.05,0.01,FALSE,-0.0001795186142241,0.217,-0.00135890460921659,0.00141980278382092,"indeterminate"
0.0025,0.05,0.01,FALSE,-0.000306139166369951,0.174,-0.00141656349860533,0.00130312020773897,"indeterminate"
0.005,0.05,0.01,FALSE,-0.000443007566987147,0.133,-0.00153644042446856,0.00125793595121493,"indeterminate"
0.01,0.05,0.01,FALSE,-0.000813099524197735,0.063,-0.00199687271649714,0.00108644285379465,"indeterminate"
0.02,0.05,0.01,FALSE,-0.00158871777494759,0.01,-0.00284880614026153,0.00108603347686093,"indeterminate"
0.05,0.05,0.01,FALSE,-0.00615065735209593,0,-0.0088460570310735,0.000587416108751354,"indeterminate"
0,0,0.02,FALSE,-0.000386332614858111,0.129,-0.00143119381662214,0.00173972696807007,"indeterminate"
0.0025,0,0.02,FALSE,-0.000533750268415969,0.093,-0.00154863099913734,0.00160061320998978,"indeterminate"
0.005,0,0.02,FALSE,-0.000683412860860495,0.072,-0.00170940680430538,0.00146897437456117,"indeterminate"
0.01,0,0.02,FALSE,-0.000989681155708313,0.036,-0.00205917377697,0.00122438095733702,"indeterminate"
0.02,0,0.02,FALSE,-0.00163154130554895,0.004,-0.00270569306006335,0.00113513483042738,"indeterminate"
0.05,0,0.02,FALSE,-0.00631204239404754,0,-0.00878493129311807,3.12748846265087e-06,"indeterminate"
0,0.0025,0.02,FALSE,-0.000408737912461958,0.124,-0.00145351443096461,0.00171268235223616,"indeterminate"
0.0025,0.0025,0.02,FALSE,-0.000555385206861517,0.091,-0.00156848787719664,0.00158084043736507,"indeterminate"
0.005,0.0025,0.02,FALSE,-0.000704265708790004,0.064,-0.00171809051506057,0.00144837721509874,"indeterminate"
0.01,0.0025,0.02,FALSE,-0.00100893354005603,0.032,-0.0020736673916071,0.00122007744571799,"indeterminate"
0.02,0.0025,0.02,FALSE,-0.00164743952685824,0.004,-0.00271898557593995,0.00112283276198413,"indeterminate"
0.05,0.0025,0.02,FALSE,-0.00634113732020522,0,-0.00881680713395681,4.6906030520006e-06,"indeterminate"
0,0.005,0.02,FALSE,-0.000431484407491245,0.118,-0.00147236256178641,0.00168522588946061,"indeterminate"
0.0025,0.005,0.02,FALSE,-0.000577349611374765,0.087,-0.00158864714426191,0.0015606414140195,"indeterminate"
0.005,0.005,0.02,FALSE,-0.000725436112779354,0.059,-0.00173694372976824,0.00142746639330947,"indeterminate"
0.01,0.005,0.02,FALSE,-0.00102847910792174,0.03,-0.00208730994008437,0.00120418208934423,"indeterminate"
0.02,0.005,0.02,FALSE,-0.00166357985306055,0.004,-0.00273248051591619,0.00113633686383385,"indeterminate"
0.05,0.005,0.02,FALSE,-0.00637067531630438,0,-0.00884541300902221,-2.05751292539115e-06,"rejected"
0,0.01,0.02,FALSE,-0.000478032647319218,0.106,-0.00151331629330717,0.00164874872318029,"indeterminate"
0.0025,0.01,0.02,FALSE,-0.000622297387620947,0.078,-0.0016299009021223,0.00151930629923502,"indeterminate"
0.005,0.01,0.02,FALSE,-0.00076875905290189,0.05,-0.00178252950816435,0.0013846746600603,"indeterminate"
0.01,0.01,0.02,FALSE,-0.00106847699680155,0.022,-0.00212155614560897,0.00116591143059179,"indeterminate"
0.02,0.01,0.02,FALSE,-0.00169660928348489,0.003,-0.00276412154154961,0.00115887688486777,"indeterminate"
0.05,0.01,0.02,FALSE,-0.00643112162790937,0,-0.00890925077253507,-1.63945113892377e-05,"rejected"
0,0.02,0.02,FALSE,-0.000575585873341673,0.082,-0.00160006814621472,0.00157035866249332,"indeterminate"
0.0025,0.02,0.02,FALSE,-0.000716496450604966,0.055,-0.00172441960736211,0.00143399320483765,"indeterminate"
0.005,0.02,0.02,FALSE,-0.000859552874222524,0.038,-0.00185983436344735,0.00131171139904477,"indeterminate"
0.01,0.02,0.02,FALSE,-0.0011523023596667,0.021,-0.00216537906126279,0.00108985177585038,"indeterminate"
0.02,0.02,0.02,FALSE,-0.00180143752597588,0.002,-0.00288801355188653,0.00107867085909062,"indeterminate"
0.05,0.02,0.02,FALSE,-0.0065578016639326,0,-0.0090340928747031,-4.69044467712437e-05,"rejected"
0,0.05,0.02,FALSE,-0.000909562211842076,0.04,-0.00197048074211061,0.00138717785177088,"indeterminate"
0.0025,0.05,0.02,FALSE,-0.00103898971329143,0.026,-0.00208358057898512,0.00127573596079186,"indeterminate"
0.005,0.05,0.02,FALSE,-0.00117038819192022,0.018,-0.00220576769082195,0.00119016036045551,"indeterminate"
0.01,0.05,0.02,FALSE,-0.00143928095488738,0.008,-0.00245648041689852,0.0009864939332721,"indeterminate"
0.02,0.05,0.02,FALSE,-0.00221179239129321,0,-0.00337332817418977,0.000762104122271629,"indeterminate"
0.05,0.05,0.02,FALSE,-0.00699149449314152,0,-0.0096363332989017,-0.000151356107902565,"rejected"
0,0,0.05,FALSE,-0.00566399412153838,0,-0.0083924925246156,-0.000178953600670332,"rejected"
0.0025,0,0.05,FALSE,-0.00587614880896749,0,-0.00859623623403201,-0.000354255822901446,"rejected"
0.005,0,0.05,FALSE,-0.00609153427843867,0,-0.00877560337944212,-0.000583304955930525,"rejected"
0.01,0,0.05,FALSE,-0.00653229732678947,0,-0.00926101523840592,-0.00107105134638554,"rejected"
0.02,0,0.05,FALSE,-0.00745602414088638,0,-0.0103653606453315,-0.00203447576347108,"rejected"
0.05,0,0.05,FALSE,-0.0106184300573829,0,-0.0133526434135912,-0.0048762154228962,"rejected"
0,0.0025,0.05,FALSE,-0.00568926340601944,0,-0.00842783762434937,-0.000168542482842701,"rejected"
0.0025,0.0025,0.05,FALSE,-0.00590167398152414,0,-0.00862086103652915,-0.000343737489676726,"rejected"
0.005,0.0025,0.05,FALSE,-0.00611731923584363,0,-0.00880537737047126,-0.000572577407367674,"rejected"
0.01,0.0025,0.05,FALSE,-0.00655861390576548,0,-0.00930131217546886,-0.00106026999950925,"rejected"
0.02,0.0025,0.05,FALSE,-0.00748345486294212,0,-0.0104112582585877,-0.00202770057863469,"rejected"
0.05,0.0025,0.05,FALSE,-0.010649675081041,0,-0.0133961242359774,-0.00487843178273959,"rejected"
0,0.005,0.05,FALSE,-0.0057149175019393,0,-0.00846336483008763,-0.000157972820073521,"rejected"
0.0025,0.005,0.05,FALSE,-0.00592758786229232,0,-0.00864917719682296,-0.000333058978788678,"rejected"
0.005,0.005,0.05,FALSE,-0.00614349685757457,0,-0.00883583328737436,-0.000561686495121129,"rejected"
0.01,0.005,0.05,FALSE,-0.00658533124482742,0,-0.00933463230724531,-0.00104932446968561,"rejected"
0.02,0.005,0.05,FALSE,-0.00751130331172968,0,-0.0104577383649568,-0.00203037036301523,"rejected"
0.05,0.005,0.05,FALSE,-0.0106813959172421,0,-0.013440267202867,-0.0048868448121329,"rejected"
0,0.01,0.05,FALSE,-0.00576741583224953,0,-0.00853556500432684,-0.000136343149355162,"rejected"
0.0025,0.01,0.05,FALSE,-0.00598061781417359,0,-0.0087221253025279,-0.000311206562177584,"rejected"
0.005,0.01,0.05,FALSE,-0.00619706652678684,0,-0.00890967854054293,-0.000540242182014738,"rejected"
0.01,0.01,0.05,FALSE,-0.00664000538713459,0,-0.0093998804855399,-0.00102767072333591,"rejected"
0.02,0.01,0.05,FALSE,-0.0075682921476506,0,-0.0105483278948778,-0.00204329719304021,"rejected"
0.05,0.01,0.05,FALSE,-0.010746309174829,0,-0.0135306010062441,-0.00489211367139442,"rejected"
0,0.02,0.05,FALSE,-0.00587743892875076,0,-0.00862372123630865,-9.27937592533259e-05,"rejected"
0.0025,0.02,0.05,FALSE,-0.00609175505375454,0,-0.00887309539726755,-0.00031930338740882,"rejected"
0.005,0.02,0.05,FALSE,-0.00630933487609341,0,-0.00906493544873193,-0.000551976933919979,"rejected"
0.01,0.02,0.05,FALSE,-0.00675458843005492,0,-0.00955866832065291,-0.00102864906233763,"rejected"
0.02,0.02,0.05,FALSE,-0.00768772619739978,0,-0.0106997249568321,-0.0020245788283443,"rejected"
0.05,0.02,0.05,FALSE,-0.0108823507891333,0,-0.0137208564109549,-0.00490885206100908,"rejected"
0,0.05,0.05,FALSE,-0.00625410623559612,0,-0.00902360100320491,-0.000160306852909907,"rejected"
0.0025,0.05,0.05,FALSE,-0.00647223666220229,0,-0.0092880987334246,-0.000350143033498165,"rejected"
0.005,0.05,0.05,FALSE,-0.00669368887195474,0,-0.00955174663072322,-0.00054377392417209,"rejected"
0.01,0.05,0.05,FALSE,-0.00714686684758217,0,-0.0101058113447427,-0.000941029528236518,"rejected"
0.02,0.05,0.05,FALSE,-0.00809661217948223,0,-0.0111106977629456,-0.00195863147790464,"rejected"
0.05,0.05,0.05,FALSE,-0.0113480932569283,0,-0.0142788858250141,-0.00480710636528714,"rejected"
