"alpha","eta","delta","compatible","minimum_canonical_coordinate","negative_coordinate_count","observable_witness_bits","conditional_entropy_y_given_t_c_bits","sharp_lower_bits","sharp_upper_bits","lower_minus_witness_bits","compatible_boot_replicates"
0,0,0,TRUE,0.00106922909563066,0,0.0103713623683668,1.03809136530321,0.0103713623683669,1.03809136530321,8.67361737988404e-17,1000
0.0025,0,0,TRUE,0.000928243004465944,0,0.0103713623683668,1.03809136530321,0.0103713623683669,0.987676672969421,8.67361737988404e-17,909
0.005,0,0,TRUE,0.000785109916989078,0,0.0103713623683668,1.03809136530321,0.0103713623683669,0.947298229407304,8.67361737988404e-17,824
0.01,0,0,TRUE,0.00049220354725549,0,0.0103713623683668,1.03809136530321,0.0103713623683669,0.876650822761394,8.67361737988404e-17,588
0.02,0,0,FALSE,-0.000229528396735574,2,0.0103713623683668,1.03809136530321,NA,NA,NA,170
0.05,0,0,FALSE,-0.00471411844634747,6,0.0103713623683668,1.03809136530321,NA,NA,NA,0
0,0.0025,0,TRUE,0.00104514190576266,0,0.0103713623683668,1.03809136530321,0.0105419911128842,1.03809136530321,0.00017062874451735,930
0.0025,0.0025,0,TRUE,0.000904883948636209,0,0.0103713623683668,1.03809136530321,0.0105419911128842,0.987676672969421,0.00017062874451735,897
0.005,0.0025,0,TRUE,0.000762490083533214,0,0.0103713623683668,1.03809136530321,0.0105419911128842,0.947298229407304,0.00017062874451735,812
0.01,0.0025,0,TRUE,0.000471096452368838,0,0.0103713623683668,1.03809136530321,0.0105419911128842,0.876650822761394,0.00017062874451735,569
0.02,0.0025,0,FALSE,-0.000262650530388978,2,0.0103713623683668,1.03809136530321,NA,NA,NA,160
0.05,0.0025,0,FALSE,-0.00474178742338478,6,0.0103713623683668,1.03809136530321,NA,NA,NA,0
0,0.005,0,TRUE,0.00102068790589667,0,0.0103713623683668,1.03809136530321,0.0107171291831519,1.03809136530321,0.000345766814785091,930
0.0025,0.005,0,TRUE,0.000881169171144092,0,0.0103713623683668,1.03809136530321,0.0107171291831519,0.987676672969421,0.000345766814785091,887
0.005,0.005,0,TRUE,0.000739525785608479,0,0.0103713623683668,1.03809136530321,0.0107171291831519,0.947298229407304,0.000345766814785091,792
0.01,0.005,0,TRUE,0.000449667929641273,0,0.0103713623683668,1.03809136530321,0.0107171291831519,0.876650822761394,0.000345766814785091,540
0.02,0.005,0,FALSE,-0.000296277062016798,2,0.0103713623683668,1.03809136530321,NA,NA,NA,149
0.05,0.005,0,FALSE,-0.00476987775540237,6,0.0103713623683668,1.03809136530321,NA,NA,NA,0
0,0.01,0,TRUE,0.000970645442253383,0,0.0103713623683668,1.03809136530321,0.0110816562747088,1.03809136530321,0.000710293906341957,922
0.0025,0.01,0,TRUE,0.000832639446070017,0,0.0103713623683668,1.03809136530321,0.0110816562747088,0.987676672969421,0.000710293906341957,858
0.005,0.01,0,TRUE,0.000692531835731574,0,0.0103713623683668,1.03809136530321,0.0110816562747088,0.947298229407304,0.000710293906341957,759
0.01,0.01,0,TRUE,0.000402673268119953,0,0.0103713623683668,1.03809136530321,0.0110816562747088,0.876650822761394,0.000710293906341957,499
0.02,0.01,0,FALSE,-0.000365090119007751,2,0.0103713623683668,1.03809136530321,NA,NA,NA,134
0.05,0.01,0,FALSE,-0.0048273615791703,6,0.0103713623683668,1.03809136530321,NA,NA,NA,0
0,0.02,0,TRUE,0.000865769215256283,0,0.0103713623683668,1.03809136530321,0.0118734223735654,1.03809136530321,0.0015020600051986,875
0.0025,0.02,0,TRUE,0.00073093353288286,0,0.0103713623683668,1.03809136530321,0.0118734223735654,0.987676672969421,0.0015020600051986,778
0.005,0.02,0,TRUE,0.000594044515244868,0,0.0103713623683668,1.03809136530321,0.0118734223735654,0.947298229407304,0.0015020600051986,675
0.01,0.02,0,TRUE,0.000257046135866294,0,0.0103713623683668,1.03809136530321,0.0118734223735654,0.876650822761394,0.0015020600051986,423
0.02,0.02,0,FALSE,-0.000509304717169641,2,0.0103713623683668,1.03809136530321,NA,NA,NA,108
0.05,0.02,0,FALSE,-0.00494783299706694,6,0.0103713623683668,1.03809136530321,NA,NA,NA,0
0,0.05,0,TRUE,0.000474311466410931,0,0.0103713623683668,1.03809136530321,0.0149177537278099,1.03809136530321,0.00454639135944308,575
0.0025,0.05,0,TRUE,0.000299412378769368,0,0.0103713623683668,1.03809136530321,0.0149177537278099,0.987676672969421,0.00454639135944308,475
0.005,0.05,0,TRUE,0.000121849853244938,0,0.0103713623683668,1.03809136530321,0.0149177537278099,0.947298229407304,0.00454639135944308,387
0.01,0.05,0,FALSE,-0.000241512634555055,2,0.0103713623683668,1.03809136530321,NA,NA,NA,235
0.02,0.05,0,FALSE,-0.0010030276355827,2,0.0103713623683668,1.03809136530321,NA,NA,NA,49
0.05,0.05,0,FALSE,-0.00536027043951308,6,0.0103713623683668,1.03809136530321,NA,NA,NA,0
0,0,0.0025,TRUE,0.000896908187839795,0,0.0103713623683668,1.03809136530321,0.0192132261027774,1.03809136530321,0.0088418637344106,914
0.0025,0,0.0025,TRUE,0.000755160677449697,0,0.0103713623683668,1.03809136530321,0.0192132261027774,0.987676672969421,0.0088418637344106,841
0.005,0,0.0025,TRUE,0.000611254575530816,0,0.0103713623683668,1.03809136530321,0.0192132261027774,0.947298229407304,0.0088418637344106,737
0.01,0,0.0025,TRUE,0.000316766315418466,0,0.0103713623683668,1.03809136530321,0.0192132261027774,0.876650822761394,0.0088418637344106,472
0.02,0,0.0025,FALSE,-0.000388094167922836,2,0.0103713623683668,1.03809136530321,NA,NA,NA,117
0.05,0,0.0025,FALSE,-0.00490329332176788,7,0.0103713623683668,1.03809136530321,NA,NA,NA,0
0,0.0025,0.0025,TRUE,0.000873020113680651,0,0.0103713623683668,1.03809136530321,0.0193882808653826,1.03809136530321,0.00901691849701573,898
0.0025,0.0025,0.0025,TRUE,0.000732005736272498,0,0.0103713623683668,1.03809136530321,0.0193882808653826,0.987676672969421,0.00901691849701573,828
0.005,0.0025,0.0025,TRUE,0.000588843931797216,0,0.0103713623683668,1.03809136530321,0.0193882808653826,0.947298229407304,0.00901691849701573,717
0.01,0.0025,0.0025,TRUE,0.000295878795834912,0,0.0103713623683668,1.03809136530321,0.0193882808653826,0.876650822761394,0.00901691849701573,451
0.02,0.0025,0.0025,FALSE,-0.000420554173462171,2,0.0103713623683668,1.03809136530321,NA,NA,NA,116
0.05,0.0025,0.0025,FALSE,-0.00493113111394035,7,0.0103713623683668,1.03809136530321,NA,NA,NA,0
0,0.005,0.0025,TRUE,0.000848768261742433,0,0.0103713623683668,1.03809136530321,0.0195680588381039,1.03809136530321,0.00919669646973709,885
0.0025,0.005,0.0025,TRUE,0.000708498181777879,0,0.0103713623683668,1.03809136530321,0.0195680588381039,0.987676672969421,0.00919669646973709,813
0.005,0.005,0.0025,TRUE,0.000566092009225033,0,0.0103713623683668,1.03809136530321,0.0195680588381039,0.947298229407304,0.00919669646973709,693
0.01,0.005,0.0025,TRUE,0.000274673192196786,0,0.0103713623683668,1.03809136530321,0.0195680588381039,0.876650822761394,0.00919669646973709,437
0.02,0.005,0.0025,FALSE,-0.000453508493806674,2,0.0103713623683668,1.03809136530321,NA,NA,NA,113
0.05,0.005,0.0025,FALSE,-0.00495939283188195,7,0.0103713623683668,1.03809136530321,NA,NA,NA,0
0,0.01,0.0025,TRUE,0.000799139471951337,0,0.0103713623683668,1.03809136530321,0.0199425776814786,1.03809136530321,0.00957121531311177,856
0.0025,0.01,0.0025,TRUE,0.00066039251613683,0,0.0103713623683668,1.03809136530321,0.0199425776814786,0.987676672969421,0.00957121531311177,770
0.005,0.01,0.0025,TRUE,0.00051953266251804,0,0.0103713623683668,1.03809136530321,0.0199425776814786,0.947298229407304,0.00957121531311177,649
0.01,0.01,0.0025,TRUE,0.000231278219803302,0,0.0103713623683668,1.03809136530321,0.0199425776814786,0.876650822761394,0.00957121531311177,404
0.02,0.01,0.0025,FALSE,-0.000520945943171456,2,0.0103713623683668,1.03809136530321,NA,NA,NA,103
0.05,0.01,0.0025,FALSE,-0.0050172273783913,7,0.0103713623683668,1.03809136530321,NA,NA,NA,0
0,0.02,0.0025,TRUE,0.000695130199729573,0,0.0103713623683668,1.03809136530321,0.0207578010606793,1.03809136530321,0.0103864386923124,787
0.0025,0.02,0.0025,TRUE,0.0005595753232508,0,0.0103713623683668,1.03809136530321,0.0207578010606793,0.987676672969421,0.0103864386923124,680
0.005,0.02,0.0025,TRUE,0.00042195615931296,0,0.0103713623683668,1.03809136530321,0.0207578010606793,0.947298229407304,0.0103864386923124,554
0.01,0.02,0.0025,TRUE,0.000107769883096467,0,0.0103713623683668,1.03809136530321,0.0207578010606793,0.876650822761394,0.0103864386923124,350
0.02,0.02,0.0025,FALSE,-0.00066227761896786,2,0.0103713623683668,1.03809136530321,NA,NA,NA,77
0.05,0.02,0.0025,FALSE,-0.00513843382160771,7,0.0103713623683668,1.03809136530321,NA,NA,NA,0
0,0.05,0.0025,TRUE,0.000337893345540228,0,0.0103713623683668,1.03809136530321,0.0239288965110898,1.03809136530321,0.0135575341427229,470
0.0025,0.05,0.0025,TRUE,0.000162202833373174,0,0.0103713623683668,1.03809136530321,0.0239288965110898,0.987676672969421,0.0135575341427229,399
0.005,0.05,0.0025,FALSE,-1.61631688268812e-05,1,0.0103713623683668,1.03809136530321,NA,NA,NA,309
0.01,0.05,0.0025,FALSE,-0.000381169884669261,2,0.0103713623683668,1.03809136530321,NA,NA,NA,187
0.02,0.05,0.0025,FALSE,-0.00114613076787085,2,0.0103713623683668,1.03809136530321,NA,NA,NA,35
0.05,0.05,0.0025,FALSE,-0.00555338764485448,7,0.0103713623683668,1.03809136530321,NA,NA,NA,0
0,0,0.005,TRUE,0.000721963103788159,0,0.0103713623683668,1.03809136530321,0.0283619169880019,1.03809136530321,0.017990554619635,832
0.0025,0,0.005,TRUE,0.000579442578956046,0,0.0103713623683668,1.03809136530321,0.0283619169880019,0.987676672969421,0.017990554619635,728
0.005,0,0.005,TRUE,0.000434751690801616,0,0.0103713623683668,1.03809136530321,0.0283619169880019,0.947298229407304,0.017990554619635,614
0.01,0,0.005,TRUE,0.000138657450609304,0,0.0103713623683668,1.03809136530321,0.0283619169880019,0.876650822761394,0.017990554619635,385
0.02,0,0.005,FALSE,-0.000549074646285537,2,0.0103713623683668,1.03809136530321,NA,NA,NA,86
0.05,0,0.005,FALSE,-0.00509534903285459,7,0.0103713623683668,1.03809136530321,NA,NA,NA,0
0,0.0025,0.005,TRUE,0.000698277177556785,0,0.0103713623683668,1.03809136530321,0.0285426567610737,1.03809136530321,0.0181712943927069,819
0.0025,0.0025,0.005,TRUE,0.000556494860776345,0,0.0103713623683668,1.03809136530321,0.0285426567610737,0.987676672969421,0.0181712943927069,714
0.005,0.0025,0.005,TRUE,0.000412553422420568,0,0.0103713623683668,1.03809136530321,0.0285426567610737,0.947298229407304,0.0181712943927069,594
0.01,0.0025,0.005,TRUE,0.000117992850115189,0,0.0103713623683668,1.03809136530321,0.0285426567610737,0.876650822761394,0.0181712943927069,363
0.02,0.0025,0.005,FALSE,-0.000580862440541555,2,0.0103713623683668,1.03809136530321,NA,NA,NA,81
0.05,0.0025,0.005,FALSE,-0.00512335821095108,7,0.0103713623683668,1.03809136530321,NA,NA,NA,0
0,0.005,0.005,TRUE,0.000674230551941177,0,0.0103713623683668,1.03809136530321,0.0287284167762671,1.03809136530321,0.0183570544079003,799
0.0025,0.005,0.005,TRUE,0.00053319768495939,0,0.0103713623683668,1.03809136530321,0.0287284167762671,0.987676672969421,0.0183570544079003,694
0.005,0.005,0.005,TRUE,0.000390017109343362,0,0.0103713623683668,1.03809136530321,0.0287284167762671,0.947298229407304,0.0183570544079003,568
0.01,0.005,0.005,TRUE,9.70135602734488e-05,0,0.0103713623683668,1.03809136530321,0.0287284167762671,0.876650822761394,0.0183570544079003,348
0.02,0.005,0.005,FALSE,-0.00061313431288269,2,0.0103713623683668,1.03809136530321,NA,NA,NA,79
0.05,0.005,0.005,FALSE,-0.00515179392475463,7,0.0103713623683668,1.03809136530321,NA,NA,NA,0
0,0.01,0.005,TRUE,0.000625021735604082,0,0.0103713623683668,1.03809136530321,0.0291158999841318,1.03809136530321,0.0187445376157649,763
0.0025,0.01,0.005,TRUE,0.000485522536509228,0,0.0103713623683668,1.03809136530321,0.0291158999841318,0.987676672969421,0.0187445376157649,651
0.005,0.01,0.005,TRUE,0.000343898984128666,0,0.0103713623683668,1.03809136530321,0.0291158999841318,0.947298229407304,0.0187445376157649,519
0.01,0.01,0.005,TRUE,5.40817145663819e-05,0,0.0103713623683668,1.03809136530321,0.0291158999841318,0.876650822761394,0.0187445376157649,322
0.02,0.01,0.005,FALSE,-0.000679175206281816,2,0.0103713623683668,1.03809136530321,NA,NA,NA,72
0.05,0.01,0.005,FALSE,-0.00520998453496084,7,0.0103713623683668,1.03809136530321,NA,NA,NA,0
0,0.02,0.005,TRUE,0.000521892620514639,0,0.0103713623683668,1.03809136530321,0.0299620582642699,1.03809136530321,0.0195906958959031,660
0.0025,0.02,0.005,TRUE,0.000385607597736019,0,0.0103713623683668,1.03809136530321,0.0299620582642699,0.987676672969421,0.0195906958959031,556
0.005,0.02,0.005,TRUE,0.000247247168519145,0,0.0103713623683668,1.03809136530321,0.0299620582642699,0.947298229407304,0.0195906958959031,443
0.01,0.02,0.005,FALSE,-4.37796121013272e-05,2,0.0103713623683668,1.03809136530321,NA,NA,NA,273
0.02,0.02,0.005,FALSE,-0.000817580057341688,2,0.0103713623683668,1.03809136530321,NA,NA,NA,55
0.05,0.02,0.005,FALSE,-0.00533193719677601,7,0.0103713623683668,1.03809136530321,NA,NA,NA,0
0,0.05,0.005,TRUE,0.000168827061796661,0,0.0103713623683668,1.03809136530321,0.0333214174361404,1.03809136530321,0.0229500550677735,392
0.0025,0.05,0.005,TRUE,2.29038025140934e-05,0,0.0103713623683668,1.03809136530321,0.0333214174361404,0.987676672969421,0.0229500550677735,312
0.005,0.05,0.005,FALSE,-0.000156277912047002,2,0.0103713623683668,1.03809136530321,NA,NA,NA,244
0.01,0.05,0.005,FALSE,-0.000522953894937492,2,0.0103713623683668,1.03809136530321,NA,NA,NA,145
0.02,0.05,0.005,FALSE,-0.00129141313567607,2,0.0103713623683668,1.03809136530321,NA,NA,NA,28
0.05,0.05,0.005,FALSE,-0.00574944572134321,7,0.0103713623683668,1.03809136530321,NA,NA,NA,0
0,0,0.01,TRUE,0.000363956926630945,0,0.0103713623683668,1.03809136530321,0.0477005648709236,1.03809136530321,0.0373292025025568,553
0.0025,0,0.01,TRUE,0.000219854511420069,0,0.0103713623683668,1.03809136530321,0.0477005648709236,0.987676672969421,0.0373292025025568,461
0.005,0,0.01,TRUE,7.35576431856766e-05,0,0.0103713623683668,1.03809136530321,0.0477005648709236,0.947298229407304,0.0373292025025568,376
0.01,0,0.01,FALSE,-0.000225823061397074,2,0.0103713623683668,1.03809136530321,NA,NA,NA,217
0.02,0,0.01,FALSE,-0.000878503769532921,2,0.0103713623683668,1.03809136530321,NA,NA,NA,45
0.05,0,0.01,FALSE,-0.00548837025605781,7,0.0103713623683668,1.03809136530321,NA,NA,NA,0
0,0.0025,0.01,TRUE,0.000340684674251762,0,0.0103713623683668,1.03809136530321,0.0478996147303773,1.03809136530321,0.0375282523620104,535
0.0025,0.0025,0.01,TRUE,0.000197330852673393,0,0.0103713623683668,1.03809136530321,0.0478996147303773,0.987676672969421,0.0375282523620104,444
0.005,0.0025,0.01,TRUE,5.17939779745411e-05,0,0.0103713623683668,1.03809136530321,0.0478996147303773,0.947298229407304,0.0375282523620104,358
0.01,0.0025,0.01,FALSE,-0.000246031482105067,2,0.0103713623683668,1.03809136530321,NA,NA,NA,202
0.02,0.0025,0.01,FALSE,-0.000908915956162768,2,0.0103713623683668,1.03809136530321,NA,NA,NA,43
0.05,0.0025,0.01,FALSE,-0.00551673015689572,7,0.0103713623683668,1.03809136530321,NA,NA,NA,0
0,0.005,0.01,TRUE,0.000317058022090154,0,0.0103713623683668,1.03809136530321,0.0481049010790739,1.03809136530321,0.037733538710707,519
0.0025,0.005,0.01,TRUE,0.000174464194047326,0,0.0103713623683668,1.03809136530321,0.0481049010790739,0.987676672969421,0.037733538710707,423
0.005,0.005,0.01,TRUE,2.96988863896321e-05,0,0.0103713623683668,1.03809136530321,0.0481049010790739,0.947298229407304,0.037733538710707,348
0.01,0.005,0.01,FALSE,-0.000266547645260391,2,0.0103713623683668,1.03809136530321,NA,NA,NA,192
0.02,0.005,0.01,FALSE,-0.000939791272538248,2,0.0103713623683668,1.03809136530321,NA,NA,NA,40
0.05,0.005,0.01,FALSE,-0.00554552193439613,7,0.0103713623683668,1.03809136530321,NA,NA,NA,0
0,0.01,0.01,TRUE,0.000268708635965628,0,0.0103713623683668,1.03809136530321,0.0485357228441813,1.03809136530321,0.0381643604758145,485
0.0025,0.01,0.01,TRUE,0.000127670052425942,0,0.0103713623683668,1.03809136530321,0.0485357228441813,0.987676672969421,0.0381643604758145,395
0.005,0.01,0.01,FALSE,-1.55163268021663e-05,1,0.0103713623683668,1.03809136530321,NA,NA,NA,317
0.01,0.01,0.01,FALSE,-0.000308531752335975,2,0.0103713623683668,1.03809136530321,NA,NA,NA,176
0.02,0.01,0.01,FALSE,-0.00100297426532724,2,0.0103713623683668,1.03809136530321,NA,NA,NA,37
0.05,0.01,0.01,FALSE,-0.00560444119041501,7,0.0103713623683668,1.03809136530321,NA,NA,NA,0
0,0.02,0.01,TRUE,0.000167380667172737,0,0.0103713623683668,1.03809136530321,0.0494925393597934,1.03809136530321,0.0391211769914266,411
0.0025,0.02,0.01,TRUE,2.9601479027934e-05,0,0.0103713623683668,1.03809136530321,0.0494925393597934,0.987676672969421,0.0391211769914266,338
0.005,0.02,0.01,FALSE,-0.000110275869342425,1,0.0103713623683668,1.03809136530321,NA,NA,NA,262
0.01,0.02,0.01,FALSE,-0.000396519721419912,2,0.0103713623683668,1.03809136530321,NA,NA,NA,143
0.02,0.02,0.01,FALSE,-0.00113538968638503,2,0.0103713623683668,1.03809136530321,NA,NA,NA,32
0.05,0.02,0.01,FALSE,-0.00572792090781628,7,0.0103713623683668,1.03809136530321,NA,NA,NA,0
0,0.05,0.01,FALSE,-0.0001795186142241,2,0.0103713623683668,1.03809136530321,NA,NA,NA,217
0.0025,0.05,0.01,FALSE,-0.000306139166369951,2,0.0103713623683668,1.03809136530321,NA,NA,NA,174
0.005,0.05,0.01,FALSE,-0.000443007566987147,2,0.0103713623683668,1.03809136530321,NA,NA,NA,133
0.01,0.05,0.01,FALSE,-0.000813099524197735,2,0.0103713623683668,1.03809136530321,NA,NA,NA,63
0.02,0.05,0.01,FALSE,-0.00158871777494759,2,0.0103713623683668,1.03809136530321,NA,NA,NA,10
0.05,0.05,0.01,FALSE,-0.00615065735209593,7,0.0103713623683668,1.03809136530321,NA,NA,NA,0
0,0,0.02,FALSE,-0.000386332614858111,2,0.0103713623683668,1.03809136530321,NA,NA,NA,129
0.0025,0,0.02,FALSE,-0.000533750268415969,2,0.0103713623683668,1.03809136530321,NA,NA,NA,93
0.005,0,0.02,FALSE,-0.000683412860860495,2,0.0103713623683668,1.03809136530321,NA,NA,NA,72
0.01,0,0.02,FALSE,-0.000989681155708313,3,0.0103713623683668,1.03809136530321,NA,NA,NA,36
0.02,0,0.02,FALSE,-0.00163154130554895,3,0.0103713623683668,1.03809136530321,NA,NA,NA,4
0.05,0,0.02,FALSE,-0.00631204239404754,8,0.0103713623683668,1.03809136530321,NA,NA,NA,0
0,0.0025,0.02,FALSE,-0.000408737912461958,2,0.0103713623683668,1.03809136530321,NA,NA,NA,124
0.0025,0.0025,0.02,FALSE,-0.000555385206861517,2,0.0103713623683668,1.03809136530321,NA,NA,NA,91
0.005,0.0025,0.02,FALSE,-0.000704265708790004,2,0.0103713623683668,1.03809136530321,NA,NA,NA,64
0.01,0.0025,0.02,FALSE,-0.00100893354005603,3,0.0103713623683668,1.03809136530321,NA,NA,NA,32
0.02,0.0025,0.02,FALSE,-0.00164743952685824,3,0.0103713623683668,1.03809136530321,NA,NA,NA,4
0.05,0.0025,0.02,FALSE,-0.00634113732020522,8,0.0103713623683668,1.03809136530321,NA,NA,NA,0
0,0.005,0.02,FALSE,-0.000431484407491245,2,0.0103713623683668,1.03809136530321,NA,NA,NA,118
0.0025,0.005,0.02,FALSE,-0.000577349611374765,2,0.0103713623683668,1.03809136530321,NA,NA,NA,87
0.005,0.005,0.02,FALSE,-0.000725436112779354,2,0.0103713623683668,1.03809136530321,NA,NA,NA,59
0.01,0.005,0.02,FALSE,-0.00102847910792174,3,0.0103713623683668,1.03809136530321,NA,NA,NA,30
0.02,0.005,0.02,FALSE,-0.00166357985306055,3,0.0103713623683668,1.03809136530321,NA,NA,NA,4
0.05,0.005,0.02,FALSE,-0.00637067531630438,8,0.0103713623683668,1.03809136530321,NA,NA,NA,0
0,0.01,0.02,FALSE,-0.000478032647319218,2,0.0103713623683668,1.03809136530321,NA,NA,NA,106
0.0025,0.01,0.02,FALSE,-0.000622297387620947,2,0.0103713623683668,1.03809136530321,NA,NA,NA,78
0.005,0.01,0.02,FALSE,-0.00076875905290189,2,0.0103713623683668,1.03809136530321,NA,NA,NA,50
0.01,0.01,0.02,FALSE,-0.00106847699680155,3,0.0103713623683668,1.03809136530321,NA,NA,NA,22
0.02,0.01,0.02,FALSE,-0.00169660928348489,3,0.0103713623683668,1.03809136530321,NA,NA,NA,3
0.05,0.01,0.02,FALSE,-0.00643112162790937,8,0.0103713623683668,1.03809136530321,NA,NA,NA,0
0,0.02,0.02,FALSE,-0.000575585873341673,2,0.0103713623683668,1.03809136530321,NA,NA,NA,82
0.0025,0.02,0.02,FALSE,-0.000716496450604966,2,0.0103713623683668,1.03809136530321,NA,NA,NA,55
0.005,0.02,0.02,FALSE,-0.000859552874222524,2,0.0103713623683668,1.03809136530321,NA,NA,NA,38
0.01,0.02,0.02,FALSE,-0.0011523023596667,3,0.0103713623683668,1.03809136530321,NA,NA,NA,21
0.02,0.02,0.02,FALSE,-0.00180143752597588,3,0.0103713623683668,1.03809136530321,NA,NA,NA,2
0.05,0.02,0.02,FALSE,-0.0065578016639326,8,0.0103713623683668,1.03809136530321,NA,NA,NA,0
0,0.05,0.02,FALSE,-0.000909562211842076,2,0.0103713623683668,1.03809136530321,NA,NA,NA,40
0.0025,0.05,0.02,FALSE,-0.00103898971329143,2,0.0103713623683668,1.03809136530321,NA,NA,NA,26
0.005,0.05,0.02,FALSE,-0.00117038819192022,3,0.0103713623683668,1.03809136530321,NA,NA,NA,18
0.01,0.05,0.02,FALSE,-0.00143928095488738,3,0.0103713623683668,1.03809136530321,NA,NA,NA,8
0.02,0.05,0.02,FALSE,-0.00221179239129321,3,0.0103713623683668,1.03809136530321,NA,NA,NA,0
0.05,0.05,0.02,FALSE,-0.00699149449314152,8,0.0103713623683668,1.03809136530321,NA,NA,NA,0
0,0,0.05,FALSE,-0.00566399412153838,6,0.0103713623683668,1.03809136530321,NA,NA,NA,0
0.0025,0,0.05,FALSE,-0.00587614880896749,6,0.0103713623683668,1.03809136530321,NA,NA,NA,0
0.005,0,0.05,FALSE,-0.00609153427843867,7,0.0103713623683668,1.03809136530321,NA,NA,NA,0
0.01,0,0.05,FALSE,-0.00653229732678947,7,0.0103713623683668,1.03809136530321,NA,NA,NA,0
0.02,0,0.05,FALSE,-0.00745602414088638,9,0.0103713623683668,1.03809136530321,NA,NA,NA,0
0.05,0,0.05,FALSE,-0.0106184300573829,12,0.0103713623683668,1.03809136530321,NA,NA,NA,0
0,0.0025,0.05,FALSE,-0.00568926340601944,6,0.0103713623683668,1.03809136530321,NA,NA,NA,0
0.0025,0.0025,0.05,FALSE,-0.00590167398152414,6,0.0103713623683668,1.03809136530321,NA,NA,NA,0
0.005,0.0025,0.05,FALSE,-0.00611731923584363,7,0.0103713623683668,1.03809136530321,NA,NA,NA,0
0.01,0.0025,0.05,FALSE,-0.00655861390576548,7,0.0103713623683668,1.03809136530321,NA,NA,NA,0
0.02,0.0025,0.05,FALSE,-0.00748345486294212,9,0.0103713623683668,1.03809136530321,NA,NA,NA,0
0.05,0.0025,0.05,FALSE,-0.010649675081041,12,0.0103713623683668,1.03809136530321,NA,NA,NA,0
0,0.005,0.05,FALSE,-0.0057149175019393,6,0.0103713623683668,1.03809136530321,NA,NA,NA,0
0.0025,0.005,0.05,FALSE,-0.00592758786229232,6,0.0103713623683668,1.03809136530321,NA,NA,NA,0
0.005,0.005,0.05,FALSE,-0.00614349685757457,7,0.0103713623683668,1.03809136530321,NA,NA,NA,0
0.01,0.005,0.05,FALSE,-0.00658533124482742,7,0.0103713623683668,1.03809136530321,NA,NA,NA,0
0.02,0.005,0.05,FALSE,-0.00751130331172968,9,0.0103713623683668,1.03809136530321,NA,NA,NA,0
0.05,0.005,0.05,FALSE,-0.0106813959172421,12,0.0103713623683668,1.03809136530321,NA,NA,NA,0
0,0.01,0.05,FALSE,-0.00576741583224953,6,0.0103713623683668,1.03809136530321,NA,NA,NA,0
0.0025,0.01,0.05,FALSE,-0.00598061781417359,6,0.0103713623683668,1.03809136530321,NA,NA,NA,0
0.005,0.01,0.05,FALSE,-0.00619706652678684,7,0.0103713623683668,1.03809136530321,NA,NA,NA,0
0.01,0.01,0.05,FALSE,-0.00664000538713459,7,0.0103713623683668,1.03809136530321,NA,NA,NA,0
0.02,0.01,0.05,FALSE,-0.0075682921476506,9,0.0103713623683668,1.03809136530321,NA,NA,NA,0
0.05,0.01,0.05,FALSE,-0.010746309174829,12,0.0103713623683668,1.03809136530321,NA,NA,NA,0
0,0.02,0.05,FALSE,-0.00587743892875076,6,0.0103713623683668,1.03809136530321,NA,NA,NA,0
0.0025,0.02,0.05,FALSE,-0.00609175505375454,6,0.0103713623683668,1.03809136530321,NA,NA,NA,0
0.005,0.02,0.05,FALSE,-0.00630933487609341,6,0.0103713623683668,1.03809136530321,NA,NA,NA,0
0.01,0.02,0.05,FALSE,-0.00675458843005492,7,0.0103713623683668,1.03809136530321,NA,NA,NA,0
0.02,0.02,0.05,FALSE,-0.00768772619739978,9,0.0103713623683668,1.03809136530321,NA,NA,NA,0
0.05,0.02,0.05,FALSE,-0.0108823507891333,13,0.0103713623683668,1.03809136530321,NA,NA,NA,0
0,0.05,0.05,FALSE,-0.00625410623559612,6,0.0103713623683668,1.03809136530321,NA,NA,NA,0
0.0025,0.05,0.05,FALSE,-0.00647223666220229,6,0.0103713623683668,1.03809136530321,NA,NA,NA,0
0.005,0.05,0.05,FALSE,-0.00669368887195474,6,0.0103713623683668,1.03809136530321,NA,NA,NA,0
0.01,0.05,0.05,FALSE,-0.00714686684758217,8,0.0103713623683668,1.03809136530321,NA,NA,NA,0
0.02,0.05,0.05,FALSE,-0.00809661217948223,8,0.0103713623683668,1.03809136530321,NA,NA,NA,0
0.05,0.05,0.05,FALSE,-0.0113480932569283,13,0.0103713623683668,1.03809136530321,NA,NA,NA,0
