"replicate","witness_bits"
1,0.0190630266269119
2,0.0172181244377957
3,0.0271183782778241
4,0.0171330625549345
5,0.0167344805043398
6,0.0255769870305242
7,0.0145562537282424
8,0.0181125330098663
9,0.0192834018655552
10,0.0153647733007371
11,0.011941424467718
12,0.0178990293800749
13,0.0214437309046793
14,0.0184944395187668
15,0.0190759591570226
16,0.0221400738397017
17,0.0160137463862261
18,0.0148266073402296
19,0.0212636405793258
20,0.0131608933548451
21,0.0215748014531068
22,0.0190309186977141
23,0.0191421340162699
24,0.0150435875459743
25,0.0176360235937798
26,0.0204644537818515
27,0.017231692331309
28,0.0139573059512204
29,0.0217258406296307
30,0.0160389948078796
31,0.0099489942344738
32,0.0211206705405187
33,0.0126290290430686
34,0.0156028086699546
35,0.0187638214541692
36,0.0119211929558092
37,0.0286664653108186
38,0.0263251111655624
39,0.0253520310742912
40,0.0180095972849277
41,0.0128078088011393
42,0.0248729803566077
43,0.0265995481755074
44,0.0249327768954262
45,0.0152522731187242
46,0.0137604118431477
47,0.0255854712428336
48,0.0221044233530557
49,0.0227137932371116
50,0.0258136841815024
51,0.00873867027751266
52,0.019525880440761
53,0.0210518470489728
54,0.012619291125343
55,0.0232329468882076
56,0.0207093696883948
57,0.0185220325476701
58,0.0176191901060196
59,0.0240017538833979
60,0.0145015399253111
61,0.0279125732155099
62,0.024022201365842
63,0.0212705742847747
64,0.0141830389914755
65,0.0129592377324349
66,0.0164634526705518
67,0.031259638758608
68,0.0141466622781524
69,0.0162600072786105
70,0.0341968382359255
71,0.0222594896830606
72,0.0229892930085744
73,0.024770259226972
74,0.0254264264465419
75,0.0214516659532246
76,0.0241920536953577
77,0.021144756024491
78,0.0237876067273805
79,0.0200280570916568
80,0.0154076047204164
81,0.0173597423470145
82,0.0226519425600241
83,0.0254854948003231
84,0.0165300246459398
85,0.0149766291275087
86,0.0157326129495181
87,0.0115542696722161
88,0.0173952751735123
89,0.0150508956199754
90,0.0230306708441823
91,0.0159315597670699
92,0.0114071151955937
93,0.0350351217252953
94,0.0143543469499526
95,0.0342242998424697
96,0.0188129738656484
97,0.0126909053302482
98,0.0127106747309499
99,0.0199306214688365
100,0.02497060068155
101,0.0153774239066038
102,0.0197276269329075
103,0.0150575896124346
104,0.0116906773757613
105,0.0202022816240927
106,0.017860982113609
107,0.021831762083027
108,0.0183803573895697
109,0.0148762905815366
110,0.00988361171889143
111,0.0230552870003412
112,0.0162436049099266
113,0.0106589580747424
114,0.0166866924284838
115,0.00856394979369297
116,0.0178349142939611
117,0.0232164576894674
118,0.0260433058665018
119,0.0108079511985046
120,0.01888423782788
121,0.0262867330717582
122,0.0233006160308714
123,0.0206093284031008
124,0.019404346678779
125,0.0190111238487039
126,0.014944190244965
127,0.0175104842773656
128,0.0142013479758933
129,0.0123104507867151
130,0.0159001976576665
131,0.0181499997535626
132,0.0238159688763592
133,0.0139154779268664
134,0.0192594190996793
135,0.0272297602443145
136,0.0205371789010155
137,0.0160296115349055
138,0.0184167818521118
139,0.0202410860950723
140,0.0251109045483299
141,0.01381865941575
142,0.0137200841413909
143,0.0283073216504894
144,0.0193759219897772
145,0.0183192455456548
146,0.0221503944758498
147,0.0139553384931968
148,0.0173106567181905
149,0.0169807311295998
150,0.0208318888620518
151,0.0197509661173059
152,0.0187876845932381
153,0.0281896629847311
154,0.0325579533023851
155,0.0191662119798518
156,0.0207608933822704
157,0.0146601000608206
158,0.023217894716988
159,0.0179249469755616
160,0.0212337893911459
161,0.0199532497650724
162,0.0261560889706216
163,0.0292745753404861
164,0.0211390339077519
165,0.0138057960397263
166,0.0206439052432708
167,0.00703444903234285
168,0.0182684851225098
169,0.0164044695825896
170,0.0177466823335294
171,0.0177440596226035
172,0.0298024172004237
173,0.0137794031179487
174,0.01773477405431
175,0.0111697022375526
176,0.017218595220755
177,0.0174143155387388
178,0.0235831245294163
179,0.0203429176947605
180,0.019668558673822
181,0.0335305445924905
182,0.0211868088001386
183,0.0233913310801872
184,0.0233674552079169
185,0.0123645354682542
186,0.0212692085275765
187,0.00776879634287795
188,0.00965152801445887
189,0.0169203151261278
190,0.00827138809186255
191,0.0162007438426915
192,0.018675535585448
193,0.0269761326021783
194,0.0134519779031157
195,0.0192995013833937
196,0.0169563928077197
197,0.0176238350497686
198,0.0126545610745269
199,0.0162162260446137
200,0.021249384656347
201,0.0201320835272431
202,0.0123527248075358
203,0.0226319433930881
204,0.0134439446826724
205,0.0117739448757919
206,0.0479800513032522
207,0.0139138147805482
208,0.0282248862929368
209,0.0176529590868111
210,0.0140807716888487
211,0.0213462068803002
212,0.0240534875554927
213,0.0209181770408195
214,0.0211418025723391
215,0.0153293850233442
216,0.0201746216591198
217,0.0167239701755602
218,0.0234401536349941
219,0.0120042601486344
220,0.0252075718833985
221,0.0111992585677449
222,0.027593563935021
223,0.017304259694342
224,0.0199876650725711
225,0.0251771912919686
226,0.0229072454583247
227,0.0167049646863174
228,0.0212877704545127
229,0.0200732791247328
230,0.0148038188417885
231,0.0191430795276256
232,0.0175322426601051
233,0.027530933642402
234,0.0190517752277436
235,0.0210021149326357
236,0.0142481505337922
237,0.0158613984506018
238,0.0240271522837913
239,0.0172752539926845
240,0.0254446238034063
241,0.0132581419494876
242,0.0183502524418645
243,0.0121384070051766
244,0.0207540814125401
245,0.0231773791085743
246,0.0322329136344285
247,0.0177860931923299
248,0.0217741233225665
249,0.0120379054595607
250,0.0202273277561075
251,0.0199853611469089
252,0.0154920500835336
253,0.0151678570691642
254,0.0189475795282261
255,0.0172457735088231
256,0.014081446232064
257,0.0223375798596424
258,0.0241959014551947
259,0.024503616417712
260,0.029113596020642
261,0.016298810493884
262,0.0205126993030822
263,0.01152303327317
264,0.0171940671694978
265,0.0175400182993104
266,0.0129299922272239
267,0.0115920904925352
268,0.0154152489530663
269,0.0190171729111751
270,0.015688310612787
271,0.00973260447477763
272,0.015465867512288
273,0.0178664281032383
274,0.0216563219895907
275,0.018437956300607
276,0.0188073513993081
277,0.0193494420437515
278,0.0213406316381068
279,0.0172341968256423
280,0.0248570338652227
281,0.0120578514783326
282,0.0235482411326767
283,0.0253586931635356
284,0.0172864636456419
285,0.0147224053469552
286,0.0211810612401495
287,0.0193622496196876
288,0.0174590006275995
289,0.0101342256583261
290,0.0127515702661895
291,0.0263989874048279
292,0.0219298340345861
293,0.0183871756706076
294,0.0207319671542525
295,0.0210667088731669
296,0.0193483812887837
297,0.0137979600041046
298,0.0221776345229772
299,0.0196669278576512
300,0.0202619925898831
301,0.0142475110677479
302,0.0240609309790365
303,0.0136890253602988
304,0.020125457109833
305,0.0187576064586478
306,0.0223835930794743
307,0.0161044585594436
308,0.0220123522681443
309,0.0214299680337862
310,0.0266222829066647
311,0.0211834281838317
312,0.0227567076233316
313,0.0127833416976988
314,0.0220649418120523
315,0.0185041720832514
316,0.0294454193442848
317,0.012998476005322
318,0.0245066366339004
319,0.0240371647664703
320,0.0164906418254738
321,0.0209998799148689
322,0.0223074866224691
323,0.0174865231537805
324,0.0157053662266149
325,0.0191843438929308
326,0.0144970439622223
327,0.0151704261932831
328,0.0161192651046818
329,0.0153460603003381
330,0.0199403152422272
331,0.0154948712520748
332,0.0255021089436511
333,0.0112020890626921
334,0.027715299602524
335,0.0119270373391576
336,0.0153878659048191
337,0.0229414008430972
338,0.0272124976053693
339,0.0250055364399407
340,0.0174393259471639
341,0.0181197623187466
342,0.0279310670093104
343,0.02629942631222
344,0.0195917381360687
345,0.0163107145373514
346,0.0226778907273427
347,0.0247012431137113
348,0.0245398539199806
349,0.0248584600735694
350,0.0236684843999945
351,0.0189514294723817
352,0.0199836339061463
353,0.0209919806683158
354,0.018042465185328
355,0.0146577869732105
356,0.0149250827169259
357,0.0259494224353006
358,0.0253436175792392
359,0.0167814375379657
360,0.0146527621100532
361,0.0107456915849008
362,0.0138158911342861
363,0.0234421459843389
364,0.020769017658509
365,0.0204039339241087
366,0.0215702937703092
367,0.0236437613292429
368,0.0207399563574291
369,0.0105105308377148
370,0.0201203266000147
371,0.015520968275176
372,0.0154035020193784
373,0.0207994366757177
374,0.019057203581914
375,0.0149515890117803
376,0.0158326473016006
377,0.0202006126616709
378,0.0191725732605502
379,0.0323729091177333
380,0.0259749637664996
381,0.0231803751532608
382,0.0131233814496586
383,0.020425909383409
384,0.0161073939706443
385,0.0432613088547175
386,0.0155761446789313
387,0.0267918543170484
388,0.0261656839795769
389,0.0255579665831266
390,0.0204348903013809
391,0.0212944476901756
392,0.022727061218875
393,0.0193298415940441
394,0.0157417209678908
395,0.0264653459684509
396,0.0130949447250239
397,0.021955895151459
398,0.0213240087019336
399,0.018332244930576
400,0.0194187295547327
401,0.0277324166973221
402,0.0200220327352305
403,0.0206228604375833
404,0.0188545868776816
405,0.0167392119731994
406,0.00956870101170124
407,0.0194794293504518
408,0.0226375998617965
409,0.0273104249791056
410,0.0175322393491509
411,0.0192385768364366
412,0.0137377776189006
413,0.0164633413041241
414,0.0120558877649436
415,0.0140186783813838
416,0.0179608321788046
417,0.0178893364489559
418,0.0176508992082026
419,0.0219916630219201
420,0.0303952375198628
421,0.0230037913901485
422,0.0313746144364048
423,0.013066394999633
424,0.0122992864016289
425,0.0184104978481698
426,0.0135216431280849
427,0.0163765467087151
428,0.0259092308815771
429,0.0136032794447922
430,0.0205177828285802
431,0.0243625893915996
432,0.0294465422775604
433,0.0335326811784449
434,0.0286657474904792
435,0.021696948369102
436,0.0141608241759641
437,0.0309709114799528
438,0.0372497625378168
439,0.0181121733712451
440,0.0216034918587822
441,0.0190319350802941
442,0.0181697230663643
443,0.0146307119674737
444,0.026754034167594
445,0.0118976829258596
446,0.0115042668402191
447,0.0241451466938738
448,0.0159573813603257
449,0.0263815576009601
450,0.0246307327162635
451,0.0291417546838715
452,0.0238138377126198
453,0.0207265373658462
454,0.0286734452333033
455,0.0180667869092847
456,0.0162160993319627
457,0.0147317908495615
458,0.0163114545776365
459,0.0231767808138323
460,0.0173849034213329
461,0.0137272706828835
462,0.0250714692403194
463,0.0127790353482162
464,0.0154483621718407
465,0.026479730891486
466,0.0179056474229797
467,0.0240201524978895
468,0.018099693279965
469,0.0127732124820619
470,0.0235182718747367
471,0.0141980241954744
472,0.0132166544916432
473,0.0293975285525844
474,0.0121956834519832
475,0.0248090439284713
476,0.0296987849260617
477,0.0242334383142982
478,0.0167066835954317
479,0.0221041607310849
480,0.0227711616964166
481,0.0109584064390372
482,0.0154940806679877
483,0.00934124219217736
484,0.0186139540713741
485,0.0231676887489265
486,0.0162851969551258
487,0.023405020010846
488,0.0118345069497421
489,0.013917915682033
490,0.0158894277865325
491,0.0129982631053864
492,0.0223809906785781
493,0.0137343290643404
494,0.0181770685342821
495,0.0129317546664512
496,0.0252004013629212
497,0.0208736463017784
498,0.0254220209062365
499,0.014125993620526
500,0.0249592412244842
501,0.0214614259908317
502,0.013413074648905
503,0.0183229556335756
504,0.0290451512217511
505,0.0145449501983871
506,0.0244056523594361
507,0.01599316733846
508,0.0198164384295412
509,0.02282505259159
510,0.0184639102648597
511,0.0161680974722902
512,0.0213898411861792
513,0.0234507165344067
514,0.0174733138614403
515,0.0178117107072308
516,0.0216441777139245
517,0.0194675052286937
518,0.0271449051168473
519,0.0142083644553466
520,0.017666098173718
521,0.0205911431960042
522,0.0205692476153933
523,0.0183480395129279
524,0.020025268540249
525,0.0243955086589238
526,0.0197483895564163
527,0.0168448873362866
528,0.0240506156857012
529,0.0127719173841586
530,0.0203280594491359
531,0.0212294399069855
532,0.00984419383534032
533,0.00925378493678629
534,0.0179448106957738
535,0.023032394488302
536,0.0434174477319954
537,0.0184533736493852
538,0.0243168346359571
539,0.0186773450836479
540,0.0179043041490246
541,0.0264658684657311
542,0.0217822861719099
543,0.00803819450622228
544,0.0196091510039566
545,0.0140867106688797
546,0.0327835316056075
547,0.0175962910113595
548,0.0331802204825822
549,0.0203266366184234
550,0.0215076396721448
551,0.0186087914357089
552,0.0161829933528581
553,0.0143257129689056
554,0.0226581928600061
555,0.0208228910712995
556,0.0254172550257331
557,0.0248098560896248
558,0.023792040935826
559,0.0180086700588414
560,0.0141471894998155
561,0.0181763328796686
562,0.023198190712818
563,0.035072382615018
564,0.0172563014093454
565,0.0229594088514947
566,0.0217063282019268
567,0.0174397196771558
568,0.0231859717114105
569,0.0158752457081518
570,0.0194743148539649
571,0.0176282648055789
572,0.0167308700148961
573,0.0167862511177697
574,0.0243179370977245
575,0.0201958329674968
576,0.014461970529797
577,0.0167930025215376
578,0.0137346506862846
579,0.0229421278355531
580,0.0184347167251565
581,0.0147730628341295
582,0.0257405874672215
583,0.020915930231304
584,0.0227317199572751
585,0.0122360820337622
586,0.0211974656300851
587,0.0287319761104404
588,0.0125457279230887
589,0.0140094848972134
590,0.024175753501134
591,0.0198290645094271
592,0.0139800660265678
593,0.0199150879633799
594,0.0148041576450629
595,0.0276814736535392
596,0.0230632126575228
597,0.0209656725541818
598,0.0194823715225443
599,0.0141815201952064
600,0.0329947918306113
601,0.0273791988810633
602,0.0119315195911168
603,0.0224640374122619
604,0.0111592833667425
605,0.0223010784548307
606,0.022312474758436
607,0.0174858121803854
608,0.0140439870579695
609,0.0153468899642553
610,0.0128713228443424
611,0.0192788940953323
612,0.0144729080912285
613,0.0174233062245463
614,0.0158465988347258
615,0.0281888167030792
616,0.00768570092983881
617,0.0127970523702918
618,0.00896072919126452
619,0.0325209545028901
620,0.0195373167598087
621,0.0176962475831611
622,0.0281255757399729
623,0.0213133644270201
624,0.0169123642990201
625,0.0154226465628674
626,0.0413668492248767
627,0.0214936828122137
628,0.0263212597135832
629,0.0119698668256185
630,0.0155501554950358
631,0.0243356634173909
632,0.0149281459616441
633,0.01678192056745
634,0.0131330908093211
635,0.0173746996443407
636,0.0175149355011276
637,0.0153034949718277
638,0.00941428444812699
639,0.0192037870691893
640,0.0196070580994505
641,0.0199370079000146
642,0.0251223181283922
643,0.0138779902567514
644,0.0264587292016774
645,0.0278158425892215
646,0.0218863188802839
647,0.0180708053069373
648,0.0162744939579395
649,0.0197782706670342
650,0.0198999042112742
651,0.0300503601005408
652,0.0227235144030652
653,0.018449831481712
654,0.0119457320827868
655,0.0181847782648015
656,0.0307577002154539
657,0.0111696571518843
658,0.0174860325363368
659,0.0268976053493136
660,0.0317222008159682
661,0.0167815269023505
662,0.0297775036822657
663,0.0149934156077168
664,0.0253085347967104
665,0.0183401181470206
666,0.0183591013797786
667,0.0180744590853039
668,0.0357268036793656
669,0.00922690061565622
670,0.0174548294482353
671,0.0189811238255558
672,0.0161716830923309
673,0.0123661437993416
674,0.0262316801100396
675,0.0186650054230464
676,0.0221243958330483
677,0.0162227937122855
678,0.0153613812338822
679,0.0138317123839135
680,0.0184925083145142
681,0.0239805575776369
682,0.0176535150661199
683,0.0116756896819326
684,0.0203878246674439
685,0.0365709858090361
686,0.0235026234720025
687,0.02601281275479
688,0.0261813661550941
689,0.017406421376773
690,0.0179420504901939
691,0.0163677382698478
692,0.0254030559705551
693,0.025878398544732
694,0.027622160643759
695,0.0242946008424075
696,0.0163702763684669
697,0.0237800964907562
698,0.0112914415461436
699,0.0176423703080663
700,0.0136347734777471
701,0.024414767588526
702,0.0236024569338925
703,0.0218548914023369
704,0.022600017020796
705,0.024616492481452
706,0.0177642577016804
707,0.0225219174770566
708,0.0198745532787665
709,0.0155556535064464
710,0.0171028140715476
711,0.0103765207540807
712,0.0173011586177644
713,0.0108332741143207
714,0.0200337679064918
715,0.0195647931515541
716,0.0201371322679626
717,0.0275717996026008
718,0.0188053420883249
719,0.0143879323369053
720,0.0168276918193168
721,0.0216813506902287
722,0.0192534173867162
723,0.019505785120003
724,0.0152052045430392
725,0.0145503174693189
726,0.00981689673943385
727,0.0307641788953864
728,0.0146172579208323
729,0.0197344995698772
730,0.0114453082334538
731,0.0124869325263477
732,0.0238054111141434
733,0.0195873855451005
734,0.0233291935441647
735,0.0160570519022858
736,0.0184895675961728
737,0.020826399184144
738,0.0249024097830034
739,0.0174620863407723
740,0.0114748002277096
741,0.0132554009883671
742,0.014663617598814
743,0.0178847887870391
744,0.016382849083363
745,0.0164865352458845
746,0.0226941671269693
747,0.022017877534261
748,0.018414655592849
749,0.0270000869575461
750,0.0132688141521063
751,0.021392598200274
752,0.0299992671895558
753,0.0218724017502985
754,0.0133511173490337
755,0.0161816916358573
756,0.0152299186875075
757,0.0173247134070758
758,0.0107318250750809
759,0.0160324663205909
760,0.0133047072054709
761,0.0152233134415531
762,0.0138042013733689
763,0.0197289857640055
764,0.0167864319360479
765,0.0169236502957194
766,0.0164158307233548
767,0.0186753932503267
768,0.0185146433983814
769,0.0248492783676821
770,0.0267271151348856
771,0.0193984337916938
772,0.0148273265078153
773,0.012979938423185
774,0.0191836034528301
775,0.0140751101175865
776,0.0257726529858823
777,0.018342434838964
778,0.0370564612158989
779,0.0156622718637998
780,0.0278877450090466
781,0.0155205385722536
782,0.0171427349249221
783,0.0246075412737134
784,0.0207955230733699
785,0.0266140347346698
786,0.0200940111128512
787,0.0179127245253691
788,0.0101808593614528
789,0.0156102754462405
790,0.0150958757460801
791,0.0275895254999649
792,0.0250638562781885
793,0.0176224658822835
794,0.0220601603586365
795,0.0158205484629403
796,0.0147583122468533
797,0.0238224738993359
798,0.0184341154062473
799,0.0135036808776234
800,0.0323287449686463
801,0.0254667052905355
802,0.0224746274222127
803,0.0150834575075172
804,0.0140823689330108
805,0.0229698648913743
806,0.0250754372243707
807,0.0108250751325939
808,0.0310037817107883
809,0.022208451545074
810,0.0232821419656574
811,0.025003621852843
812,0.0224840393402081
813,0.0232132607142387
814,0.0250076083851778
815,0.0106021191363441
816,0.0173773987500309
817,0.0266909672104704
818,0.0178411647364814
819,0.0232895706577056
820,0.026624101417482
821,0.0199865216524975
822,0.0113215833516853
823,0.0213633862494113
824,0.0180600279565805
825,0.0217172340757381
826,0.013265654027335
827,0.0140415056312329
828,0.0140967794260907
829,0.0181490822676049
830,0.0129716551806447
831,0.01535650817434
832,0.0165958064120551
833,0.0205366914323634
834,0.0230540744723656
835,0.0207661275220258
836,0.0200566146999886
837,0.0187116493346828
838,0.0129219529196791
839,0.0235717909807775
840,0.0223877045965391
841,0.0122233976487576
842,0.0260472021781264
843,0.0236783985018469
844,0.0199857036497907
845,0.0131808658780604
846,0.018978313487072
847,0.0185036407093771
848,0.010422257634488
849,0.0292418148811114
850,0.0248253522222516
851,0.0147458192969929
852,0.0171660306003108
853,0.0159630303797032
854,0.0158599558989833
855,0.0355933784658621
856,0.013691693994717
857,0.0143489091804947
858,0.0186049682003421
859,0.012417561546026
860,0.0205091494822
861,0.0107587108318045
862,0.0200475725327616
863,0.0177296303800002
864,0.0147261097071833
865,0.0396904851838645
866,0.0307994033934686
867,0.0157025235301264
868,0.027784640886694
869,0.0158517423122409
870,0.033750490250622
871,0.0132122775644423
872,0.0154147419882804
873,0.0100006392900477
874,0.0153420299254768
875,0.0177580097591738
876,0.0122041230454396
877,0.027914201059773
878,0.0105635444672558
879,0.0147058694881654
880,0.0120296465884287
881,0.0199179839285072
882,0.0140659014249327
883,0.0247263497179419
884,0.012972844468803
885,0.021650738150284
886,0.0131525339343226
887,0.015750705736132
888,0.0157204270078459
889,0.0104708737849102
890,0.0179837954543122
891,0.0149170293977681
892,0.0245802991477078
893,0.0161670784429432
894,0.0144476682479611
895,0.0190119898316148
896,0.0197303905854439
897,0.0190425237384725
898,0.021102499901493
899,0.00924882371012339
900,0.025631864630262
901,0.0105834730248712
902,0.0190207308407694
903,0.0154468882567607
904,0.012794735472633
905,0.0201517937914402
906,0.0167770744680754
907,0.013576442308502
908,0.021381337567232
909,0.0400479709902328
910,0.0342349880470928
911,0.00945528682318933
912,0.0227006270512691
913,0.019840413367639
914,0.0179489662306231
915,0.0233094777665465
916,0.0198944079048296
917,0.0187303166256411
918,0.0108535592359533
919,0.0187364972525445
920,0.0238855334210973
921,0.0136495873272832
922,0.022570201481708
923,0.0122989062283021
924,0.0191864604835735
925,0.0279318802821014
926,0.0168323039800595
927,0.0262005747658865
928,0.015895018442367
929,0.0171570010970395
930,0.0238163131829019
931,0.0117065507161244
932,0.0243365220936553
933,0.013406853063185
934,0.0112170210659723
935,0.0197839642992818
936,0.0198445905240622
937,0.0264783382237445
938,0.0211973435221846
939,0.020674470677317
940,0.0121957214199211
941,0.0195765558135184
942,0.0165230361912867
943,0.0157605531144557
944,0.01860490895588
945,0.0288866999337323
946,0.0159363128339157
947,0.0151801189272066
948,0.0181618692576772
949,0.0149618512212469
950,0.0180169886316261
951,0.0279185634014857
952,0.0250396314260772
953,0.0195158192797272
954,0.0266261520627835
955,0.0128944164653244
956,0.0178554315231098
957,0.00941082924124749
958,0.0211623966841024
959,0.026142069105861
960,0.0210862118021374
961,0.0349859322990432
962,0.0318460110245044
963,0.0188870871861687
964,0.0313577234145005
965,0.0247095700025592
966,0.0149680422162387
967,0.0183009065964044
968,0.021875234573866
969,0.0255341694839327
970,0.0214358728114559
971,0.0202130945142917
972,0.013737975302492
973,0.0171251585689713
974,0.0377355148846867
975,0.0124952451047629
976,0.0199999324310816
977,0.0189853631170212
978,0.0162174652905464
979,0.0295587565360816
980,0.0153852496266762
981,0.016206610280698
982,0.0359981442090416
983,0.0308047568368706
984,0.0238442302366218
985,0.0140918350230454
986,0.017818028041129
987,0.0151756636986544
988,0.0305943816938824
989,0.0251933276354686
990,0.0173064079437756
991,0.0149658121171941
992,0.0133604502651902
993,0.0247135382316103
994,0.019520835966116
995,0.0172122034225113
996,0.0321128708802699
997,0.0236596947849552
998,0.0305569415665369
999,0.0305801179839863
1000,0.0175833161886107
