"alpha","eta","delta","compatible","minimum_canonical_coordinate","negative_coordinate_count","observable_witness_bits","conditional_entropy_y_given_t_c_bits","sharp_lower_bits","sharp_upper_bits","lower_minus_witness_bits","sharp_lower_boot_median","sharp_upper_boot_median","compatible_boot_replicates"
0,0,0,TRUE,0,0,0.0298430654736502,0.341175288751263,0.0298430654736502,0.341175288751263,-1.38777878078145e-17,0.0320607273435471,0.339462170140742,1000
0.0025,0,0,FALSE,-4.4531267665891e-05,8,0.0298430654736502,0.341175288751263,NA,NA,NA,NA,NA,0
0.005,0,0,FALSE,-8.9512346116286e-05,9,0.0298430654736502,0.341175288751263,NA,NA,NA,NA,NA,0
0.01,0,0,FALSE,-0.00028319032786199,13,0.0298430654736502,0.341175288751263,NA,NA,NA,NA,NA,0
0.02,0,0,FALSE,-0.00186079015830806,20,0.0298430654736502,0.341175288751263,NA,NA,NA,NA,NA,0
0.05,0,0,FALSE,-0.00736967958567855,33,0.0298430654736502,0.341175288751263,NA,NA,NA,NA,NA,0
0,0.0025,0,FALSE,-0.000238127814367373,8,0.0298430654736502,0.341175288751263,NA,NA,NA,NA,NA,0
0.0025,0.0025,0,FALSE,-0.00024498658579723,8,0.0298430654736502,0.341175288751263,NA,NA,NA,NA,NA,0
0.005,0.0025,0,FALSE,-0.00025191463774658,10,0.0298430654736502,0.341175288751263,NA,NA,NA,NA,NA,0
0.01,0.0025,0,FALSE,-0.000289443952778417,13,0.0298430654736502,0.341175288751263,NA,NA,NA,NA,NA,0
0.02,0.0025,0,FALSE,-0.00189105778001156,21,0.0298430654736502,0.341175288751263,NA,NA,NA,NA,NA,0
0.05,0.0025,0,FALSE,-0.00741934705451793,33,0.0298430654736502,0.341175288751263,NA,NA,NA,NA,NA,0
0,0.005,0,FALSE,-0.000481115380048367,9,0.0298430654736502,0.341175288751263,NA,NA,NA,NA,NA,0
0.0025,0.005,0,FALSE,-0.000487638075179834,9,0.0298430654736502,0.341175288751263,NA,NA,NA,NA,NA,0
0.005,0.005,0,FALSE,-0.00049422665612071,11,0.0298430654736502,0.341175288751263,NA,NA,NA,NA,NA,0
0.01,0.005,0,FALSE,-0.000507605509255754,15,0.0298430654736502,0.341175288751263,NA,NA,NA,NA,NA,0
0.02,0.005,0,FALSE,-0.00192194310828045,22,0.0298430654736502,0.341175288751263,NA,NA,NA,NA,NA,0
0.05,0.005,0,FALSE,-0.00747002814517035,33,0.0298430654736502,0.341175288751263,NA,NA,NA,NA,NA,0
0,0.01,0,FALSE,-0.000982277234265415,10,0.0298430654736502,0.341175288751263,NA,NA,NA,NA,NA,0
0.0025,0.01,0,FALSE,-0.000988106772031454,11,0.0298430654736502,0.341175288751263,NA,NA,NA,NA,NA,0
0.005,0.01,0,FALSE,-0.000993995194017352,12,0.0298430654736502,0.341175288751263,NA,NA,NA,NA,NA,0
0.01,0.01,0,FALSE,-0.00100595229580504,16,0.0298430654736502,0.341175288751263,NA,NA,NA,NA,NA,0
0.02,0.01,0,FALSE,-0.00198564409783503,22,0.0298430654736502,0.341175288751263,NA,NA,NA,NA,NA,0
0.05,0.01,0,FALSE,-0.00757455789464097,32,0.0298430654736502,0.341175288751263,NA,NA,NA,NA,NA,0
0,0.02,0,FALSE,-0.00204996988020608,13,0.0298430654736502,0.341175288751263,NA,NA,NA,NA,NA,0
0.0025,0.02,0,FALSE,-0.00205432269141099,13,0.0298430654736502,0.341175288751263,NA,NA,NA,NA,NA,0
0.005,0.02,0,FALSE,-0.00205871947040585,14,0.0298430654736502,0.341175288751263,NA,NA,NA,NA,NA,0
0.01,0.02,0,FALSE,-0.00206764762367092,18,0.0298430654736502,0.341175288751263,NA,NA,NA,NA,NA,0
0.02,0.02,0,FALSE,-0.00222814282511364,24,0.0298430654736502,0.341175288751263,NA,NA,NA,NA,NA,0
0.05,0.02,0,FALSE,-0.00779725170873055,33,0.0298430654736502,0.341175288751263,NA,NA,NA,NA,NA,0
0,0.05,0,FALSE,-0.00673423205633836,21,0.0298430654736502,0.341175288751263,NA,NA,NA,NA,NA,0
0.0025,0.05,0,FALSE,-0.00676646356305705,21,0.0298430654736502,0.341175288751263,NA,NA,NA,NA,NA,0
0.005,0.05,0,FALSE,-0.00679902064055066,23,0.0298430654736502,0.341175288751263,NA,NA,NA,NA,NA,0
0.01,0.05,0,FALSE,-0.0068651314407673,26,0.0298430654736502,0.341175288751263,NA,NA,NA,NA,NA,0
0.02,0.05,0,FALSE,-0.00700148496621411,32,0.0298430654736502,0.341175288751263,NA,NA,NA,NA,NA,0
0.05,0.05,0,FALSE,-0.00859894943945304,40,0.0298430654736502,0.341175288751263,NA,NA,NA,NA,NA,0
0,0,0.0025,FALSE,-0.00048028599620716,9,0.0298430654736502,0.341175288751263,NA,NA,NA,NA,NA,0
0.0025,0,0.0025,FALSE,-0.000484222389691399,9,0.0298430654736502,0.341175288751263,NA,NA,NA,NA,NA,0
0.005,0,0.0025,FALSE,-0.000488198544725983,11,0.0298430654736502,0.341175288751263,NA,NA,NA,NA,NA,0
0.01,0,0.0025,FALSE,-0.000496272573826823,14,0.0298430654736502,0.341175288751263,NA,NA,NA,NA,NA,0
0.02,0,0.0025,FALSE,-0.00187346863597964,21,0.0298430654736502,0.341175288751263,NA,NA,NA,NA,NA,0
0.05,0,0.0025,FALSE,-0.00740295806546937,34,0.0298430654736502,0.341175288751263,NA,NA,NA,NA,NA,0
0,0.0025,0.0025,FALSE,-0.000507726381057297,9,0.0298430654736502,0.341175288751263,NA,NA,NA,NA,NA,0
0.0025,0.0025,0.0025,FALSE,-0.000511744266815492,9,0.0298430654736502,0.341175288751263,NA,NA,NA,NA,NA,0
0.005,0.0025,0.0025,FALSE,-0.000515802737278315,11,0.0298430654736502,0.341175288751263,NA,NA,NA,NA,NA,0
0.01,0.0025,0.0025,FALSE,-0.00052404391709568,14,0.0298430654736502,0.341175288751263,NA,NA,NA,NA,NA,0
0.02,0.0025,0.0025,FALSE,-0.00190390180111472,22,0.0298430654736502,0.341175288751263,NA,NA,NA,NA,NA,0
0.05,0.0025,0.0025,FALSE,-0.00745284037918728,34,0.0298430654736502,0.341175288751263,NA,NA,NA,NA,NA,0
0,0.005,0.0025,FALSE,-0.000535726773761518,10,0.0298430654736502,0.341175288751263,NA,NA,NA,NA,NA,0
0.0025,0.005,0.0025,FALSE,-0.000539827814901301,11,0.0298430654736502,0.341175288751263,NA,NA,NA,NA,NA,0
0.005,0.005,0.0025,FALSE,-0.000543970280699061,12,0.0298430654736502,0.341175288751263,NA,NA,NA,NA,NA,0
0.01,0.005,0.0025,FALSE,-0.000552382022472064,16,0.0298430654736502,0.341175288751263,NA,NA,NA,NA,NA,0
0.02,0.005,0.0025,FALSE,-0.00193495605125256,23,0.0298430654736502,0.341175288751263,NA,NA,NA,NA,NA,0
0.05,0.005,0.0025,FALSE,-0.0075037406993076,34,0.0298430654736502,0.341175288751263,NA,NA,NA,NA,NA,0
0,0.01,0.0025,FALSE,-0.000990898787428302,11,0.0298430654736502,0.341175288751263,NA,NA,NA,NA,NA,0
0.0025,0.01,0.0025,FALSE,-0.000996531091405784,12,0.0298430654736502,0.341175288751263,NA,NA,NA,NA,NA,0
0.005,0.01,0.0025,FALSE,-0.00100222028734263,13,0.0298430654736502,0.341175288751263,NA,NA,NA,NA,NA,0
0.01,0.01,0.0025,FALSE,-0.00101377283827563,17,0.0298430654736502,0.341175288751263,NA,NA,NA,NA,NA,0
0.02,0.01,0.0025,FALSE,-0.00199900544216185,23,0.0298430654736502,0.341175288751263,NA,NA,NA,NA,NA,0
0.05,0.01,0.0025,FALSE,-0.00760872260955577,32,0.0298430654736502,0.341175288751263,NA,NA,NA,NA,NA,0
0,0.02,0.0025,FALSE,-0.0020624369366427,14,0.0298430654736502,0.341175288751263,NA,NA,NA,NA,NA,0
0.0025,0.02,0.0025,FALSE,-0.00206660084130179,14,0.0298430654736502,0.341175288751263,NA,NA,NA,NA,NA,0
0.005,0.02,0.0025,FALSE,-0.00207080680560391,15,0.0298430654736502,0.341175288751263,NA,NA,NA,NA,NA,0
0.01,0.02,0.0025,FALSE,-0.0020793474882174,19,0.0298430654736502,0.341175288751263,NA,NA,NA,NA,NA,0
0.02,0.02,0.0025,FALSE,-0.00224047869189914,25,0.0298430654736502,0.341175288751263,NA,NA,NA,NA,NA,0
0.05,0.02,0.0025,FALSE,-0.00783237972269316,34,0.0298430654736502,0.341175288751263,NA,NA,NA,NA,NA,0
0,0.05,0.0025,FALSE,-0.00676903351699217,21,0.0298430654736502,0.341175288751263,NA,NA,NA,NA,NA,0
0.0025,0.05,0.0025,FALSE,-0.00680144139737159,21,0.0298430654736502,0.341175288751263,NA,NA,NA,NA,NA,0
0.005,0.05,0.0025,FALSE,-0.00683417663007808,23,0.0298430654736502,0.341175288751263,NA,NA,NA,NA,NA,0
0.01,0.05,0.0025,FALSE,-0.00690064919445145,26,0.0298430654736502,0.341175288751263,NA,NA,NA,NA,NA,0
0.02,0.05,0.0025,FALSE,-0.00703774885847154,32,0.0298430654736502,0.341175288751263,NA,NA,NA,NA,NA,0
0.05,0.05,0.0025,FALSE,-0.00863754532998776,40,0.0298430654736502,0.341175288751263,NA,NA,NA,NA,NA,0
0,0,0.005,FALSE,-0.00147096084650051,9,0.0298430654736502,0.341175288751263,NA,NA,NA,NA,NA,0
0.0025,0,0.005,FALSE,-0.00147609689234957,9,0.0298430654736502,0.341175288751263,NA,NA,NA,NA,NA,0
0.005,0,0.005,FALSE,-0.00148128481744963,11,0.0298430654736502,0.341175288751263,NA,NA,NA,NA,NA,0
0.01,0,0.005,FALSE,-0.00149181948168342,14,0.0298430654736502,0.341175288751263,NA,NA,NA,NA,NA,0
0.02,0,0.005,FALSE,-0.0018864058580935,21,0.0298430654736502,0.341175288751263,NA,NA,NA,NA,NA,0
0.05,0,0.005,FALSE,-0.00743691569790897,34,0.0298430654736502,0.341175288751263,NA,NA,NA,NA,NA,0
0,0.0025,0.005,FALSE,-0.00150381191202102,9,0.0298430654736502,0.341175288751263,NA,NA,NA,NA,NA,0
0.0025,0.0025,0.005,FALSE,-0.00150903392507167,9,0.0298430654736502,0.341175288751263,NA,NA,NA,NA,NA,0
0.005,0.0025,0.005,FALSE,-0.00151430868572889,11,0.0298430654736502,0.341175288751263,NA,NA,NA,NA,NA,0
0.01,0.0025,0.005,FALSE,-0.00152501967930835,14,0.0298430654736502,0.341175288751263,NA,NA,NA,NA,NA,0
0.02,0.0025,0.005,FALSE,-0.00191700794509753,22,0.0298430654736502,0.341175288751263,NA,NA,NA,NA,NA,0
0.05,0.0025,0.005,FALSE,-0.00748701724109479,34,0.0298430654736502,0.341175288751263,NA,NA,NA,NA,NA,0
0,0.005,0.005,FALSE,-0.00153733340745011,10,0.0298430654736502,0.341175288751263,NA,NA,NA,NA,NA,0
0.0025,0.005,0.005,FALSE,-0.00154264314213504,11,0.0298430654736502,0.341175288751263,NA,NA,NA,NA,NA,0
0.005,0.005,0.005,FALSE,-0.00154800651050365,12,0.0298430654736502,0.341175288751263,NA,NA,NA,NA,NA,0
0.01,0.005,0.005,FALSE,-0.00155889743198685,16,0.0298430654736502,0.341175288751263,NA,NA,NA,NA,NA,0
0.02,0.005,0.005,FALSE,-0.0019482345644894,23,0.0298430654736502,0.341175288751263,NA,NA,NA,NA,NA,0
0.05,0.005,0.005,FALSE,-0.00753814126475378,32,0.0298430654736502,0.341175288751263,NA,NA,NA,NA,NA,0
0,0.01,0.005,FALSE,-0.0016064714917726,11,0.0298430654736502,0.341175288751263,NA,NA,NA,NA,NA,0
0.0025,0.01,0.005,FALSE,-0.00161196215232823,12,0.0298430654736502,0.341175288751263,NA,NA,NA,NA,NA,0
0.005,0.01,0.005,FALSE,-0.00161750827410158,13,0.0298430654736502,0.341175288751263,NA,NA,NA,NA,NA,0
0.01,0.01,0.005,FALSE,-0.00162877029688626,17,0.0298430654736502,0.341175288751263,NA,NA,NA,NA,NA,0
0.02,0.01,0.005,FALSE,-0.00201263946698513,24,0.0298430654736502,0.341175288751263,NA,NA,NA,NA,NA,0
0.05,0.01,0.005,FALSE,-0.00764358456355046,32,0.0298430654736502,0.341175288751263,NA,NA,NA,NA,NA,0
0,0.02,0.005,FALSE,-0.00207515842280251,14,0.0298430654736502,0.341175288751263,NA,NA,NA,NA,NA,0
0.0025,0.02,0.005,FALSE,-0.00207912956568016,14,0.0298430654736502,0.341175288751263,NA,NA,NA,NA,NA,0
0.005,0.02,0.005,FALSE,-0.00208314082111214,15,0.0298430654736502,0.341175288751263,NA,NA,NA,NA,NA,0
0.01,0.02,0.005,FALSE,-0.00209128612550973,19,0.0298430654736502,0.341175288751263,NA,NA,NA,NA,NA,0
0.02,0.02,0.005,FALSE,-0.00225306631106803,25,0.0298430654736502,0.341175288751263,NA,NA,NA,NA,NA,0
0.05,0.02,0.005,FALSE,-0.0078682246348999,34,0.0298430654736502,0.341175288751263,NA,NA,NA,NA,NA,0
0,0.05,0.005,FALSE,-0.00680454521153687,21,0.0298430654736502,0.341175288751263,NA,NA,NA,NA,NA,0
0.0025,0.05,0.005,FALSE,-0.00683713306503949,21,0.0298430654736502,0.341175288751263,NA,NA,NA,NA,NA,0
0.005,0.05,0.005,FALSE,-0.00687005008877952,23,0.0298430654736502,0.341175288751263,NA,NA,NA,NA,NA,0
0.01,0.05,0.005,FALSE,-0.00693689180025161,26,0.0298430654736502,0.341175288751263,NA,NA,NA,NA,NA,0
0.02,0.05,0.005,FALSE,-0.00707475283016279,32,0.0298430654736502,0.341175288751263,NA,NA,NA,NA,NA,0
0.05,0.05,0.005,FALSE,-0.00867692889175789,40,0.0298430654736502,0.341175288751263,NA,NA,NA,NA,NA,0
0,0,0.01,FALSE,-0.00351422772523056,10,0.0298430654736502,0.341175288751263,NA,NA,NA,NA,NA,0
0.0025,0,0.01,FALSE,-0.00352183805408206,10,0.0298430654736502,0.341175288751263,NA,NA,NA,NA,NA,0
0.005,0,0.01,FALSE,-0.00352952525494215,12,0.0298430654736502,0.341175288751263,NA,NA,NA,NA,NA,0
0.01,0,0.01,FALSE,-0.00354513497913766,15,0.0298430654736502,0.341175288751263,NA,NA,NA,NA,NA,0
0.02,0,0.01,FALSE,-0.0035773300352909,23,0.0298430654736502,0.341175288751263,NA,NA,NA,NA,NA,0
0.05,0,0.01,FALSE,-0.00750695331481566,34,0.0298430654736502,0.341175288751263,NA,NA,NA,NA,NA,0
0,0.0025,0.01,FALSE,-0.0035582383196337,10,0.0298430654736502,0.341175288751263,NA,NA,NA,NA,NA,0
0.0025,0.0025,0.01,FALSE,-0.00356594384522504,11,0.0298430654736502,0.341175288751263,NA,NA,NA,NA,NA,0
0.005,0.0025,0.01,FALSE,-0.00357372720440821,12,0.0298430654736502,0.341175288751263,NA,NA,NA,NA,NA,0
0.01,0.0025,0.01,FALSE,-0.00358953218887199,16,0.0298430654736502,0.341175288751263,NA,NA,NA,NA,NA,0
0.02,0.0025,0.01,FALSE,-0.00362212996932854,23,0.0298430654736502,0.341175288751263,NA,NA,NA,NA,NA,0
0.05,0.0025,0.01,FALSE,-0.00755750701877902,33,0.0298430654736502,0.341175288751263,NA,NA,NA,NA,NA,0
0,0.005,0.01,FALSE,-0.00360314708943283,11,0.0298430654736502,0.341175288751263,NA,NA,NA,NA,NA,0
0.0025,0.005,0.01,FALSE,-0.00361094975455461,12,0.0298430654736502,0.341175288751263,NA,NA,NA,NA,NA,0
0.005,0.005,0.01,FALSE,-0.00361883123447561,13,0.0298430654736502,0.341175288751263,NA,NA,NA,NA,NA,0
0.01,0.005,0.01,FALSE,-0.0036348354641111,17,0.0298430654736502,0.341175288751263,NA,NA,NA,NA,NA,0
0.02,0.005,0.01,FALSE,-0.0036678441877343,24,0.0298430654736502,0.341175288751263,NA,NA,NA,NA,NA,0
0.05,0.005,0.01,FALSE,-0.00760909243098653,33,0.0298430654736502,0.341175288751263,NA,NA,NA,NA,NA,0
0,0.01,0.01,FALSE,-0.00369577142714352,13,0.0298430654736502,0.341175288751263,NA,NA,NA,NA,NA,0
0.0025,0.01,0.01,FALSE,-0.00370377444254686,13,0.0298430654736502,0.341175288751263,NA,NA,NA,NA,NA,0
0.005,0.01,0.01,FALSE,-0.00371185829648962,14,0.0298430654736502,0.341175288751263,NA,NA,NA,NA,NA,0
0.01,0.01,0.01,FALSE,-0.00372827346929177,18,0.0298430654736502,0.341175288751263,NA,NA,NA,NA,NA,0
0.02,0.01,0.01,FALSE,-0.00376212976319619,25,0.0298430654736502,0.341175288751263,NA,NA,NA,NA,NA,0
0.05,0.01,0.01,FALSE,-0.00771548734366451,33,0.0298430654736502,0.341175288751263,NA,NA,NA,NA,NA,0
0,0.02,0.01,FALSE,-0.00389310153791849,15,0.0298430654736502,0.341175288751263,NA,NA,NA,NA,NA,0
0.0025,0.02,0.01,FALSE,-0.00390153138653034,15,0.0298430654736502,0.341175288751263,NA,NA,NA,NA,NA,0
0.005,0.02,0.01,FALSE,-0.00391004638512818,16,0.0298430654736502,0.341175288751263,NA,NA,NA,NA,NA,0
0.01,0.02,0.01,FALSE,-0.00392733704554623,20,0.0298430654736502,0.341175288751263,NA,NA,NA,NA,NA,0
0.02,0.02,0.01,FALSE,-0.00396299903265846,26,0.0298430654736502,0.341175288751263,NA,NA,NA,NA,NA,0
0.05,0.02,0.01,FALSE,-0.00794215476632631,35,0.0298430654736502,0.341175288751263,NA,NA,NA,NA,NA,0
0,0.05,0.01,FALSE,-0.00687778808153531,24,0.0298430654736502,0.341175288751263,NA,NA,NA,NA,NA,0
0.0025,0.05,0.01,FALSE,-0.00691074712960454,25,0.0298430654736502,0.341175288751263,NA,NA,NA,NA,NA,0
0.005,0.05,0.01,FALSE,-0.00694403909735124,26,0.0298430654736502,0.341175288751263,NA,NA,NA,NA,NA,0
0.01,0.05,0.01,FALSE,-0.00701164217471443,29,0.0298430654736502,0.341175288751263,NA,NA,NA,NA,NA,0
0.02,0.05,0.01,FALSE,-0.007151073521776,35,0.0298430654736502,0.341175288751263,NA,NA,NA,NA,NA,0
0.05,0.05,0.01,FALSE,-0.00875815748790876,42,0.0298430654736502,0.341175288751263,NA,NA,NA,NA,NA,0
0,0,0.02,FALSE,-0.00786727455382934,13,0.0298430654736502,0.341175288751263,NA,NA,NA,NA,NA,0
0.0025,0,0.02,FALSE,-0.00788015618125126,14,0.0298430654736502,0.341175288751263,NA,NA,NA,NA,NA,0
0.005,0,0.02,FALSE,-0.00789316792612188,15,0.0298430654736502,0.341175288751263,NA,NA,NA,NA,NA,0
0.01,0,0.02,FALSE,-0.00791958973458365,18,0.0298430654736502,0.341175288751263,NA,NA,NA,NA,NA,0
0.02,0,0.02,FALSE,-0.00797408471453605,27,0.0298430654736502,0.341175288751263,NA,NA,NA,NA,NA,0
0.05,0,0.02,FALSE,-0.00815210164904722,36,0.0298430654736502,0.341175288751263,NA,NA,NA,NA,NA,0
0,0.0025,0.02,FALSE,-0.00793505979672158,14,0.0298430654736502,0.341175288751263,NA,NA,NA,NA,NA,0
0.0025,0.0025,0.02,FALSE,-0.00794805628381265,15,0.0298430654736502,0.341175288751263,NA,NA,NA,NA,NA,0
0.005,0.0025,0.02,FALSE,-0.0079611840485511,16,0.0298430654736502,0.341175288751263,NA,NA,NA,NA,NA,0
0.01,0.0025,0.02,FALSE,-0.00798784144837713,19,0.0298430654736502,0.341175288751263,NA,NA,NA,NA,NA,0
0.02,0.0025,0.02,FALSE,-0.00804282233551833,27,0.0298430654736502,0.341175288751263,NA,NA,NA,NA,NA,0
0.05,0.0025,0.02,FALSE,-0.00822242656684623,36,0.0298430654736502,0.341175288751263,NA,NA,NA,NA,NA,0
0,0.005,0.02,FALSE,-0.00800422841191775,15,0.0298430654736502,0.341175288751263,NA,NA,NA,NA,NA,0
0.0025,0.005,0.02,FALSE,-0.00801734210275284,15,0.0298430654736502,0.341175288751263,NA,NA,NA,NA,NA,0
0.005,0.005,0.02,FALSE,-0.00803058825511152,16,0.0298430654736502,0.341175288751263,NA,NA,NA,NA,NA,0
0.01,0.005,0.02,FALSE,-0.00805748605428885,20,0.0298430654736502,0.341175288751263,NA,NA,NA,NA,NA,0
0.02,0.005,0.02,FALSE,-0.00811296276509208,28,0.0298430654736502,0.341175288751263,NA,NA,NA,NA,NA,0
0.05,0.005,0.02,FALSE,-0.0082941866870493,36,0.0298430654736502,0.341175288751263,NA,NA,NA,NA,NA,0
0,0.01,0.02,FALSE,-0.00814688868075983,16,0.0298430654736502,0.341175288751263,NA,NA,NA,NA,NA,0
0.0025,0.01,0.02,FALSE,-0.008160244104317,16,0.0298430654736502,0.341175288751263,NA,NA,NA,NA,NA,0
0.005,0.01,0.02,FALSE,-0.00817373443114241,17,0.0298430654736502,0.341175288751263,NA,NA,NA,NA,NA,0
0.01,0.01,0.02,FALSE,-0.00820112805398177,22,0.0298430654736502,0.341175288751263,NA,NA,NA,NA,NA,0
0.02,0.01,0.02,FALSE,-0.00825762740108795,29,0.0298430654736502,0.341175288751263,NA,NA,NA,NA,NA,0
0.05,0.01,0.02,FALSE,-0.00844219193496814,36,0.0298430654736502,0.341175288751263,NA,NA,NA,NA,NA,0
0,0.02,0.02,FALSE,-0.00845081707959732,17,0.0298430654736502,0.341175288751263,NA,NA,NA,NA,NA,0
0.0025,0.02,0.02,FALSE,-0.00846468749895367,18,0.0298430654736502,0.341175288751263,NA,NA,NA,NA,NA,0
0.005,0.02,0.02,FALSE,-0.00847869802355603,19,0.0298430654736502,0.341175288751263,NA,NA,NA,NA,NA,0
0.01,0.02,0.02,FALSE,-0.00850714796637103,23,0.0298430654736502,0.341175288751263,NA,NA,NA,NA,NA,0
0.02,0.02,0.02,FALSE,-0.00856582597342697,30,0.0298430654736502,0.341175288751263,NA,NA,NA,NA,NA,0
0.05,0.02,0.02,FALSE,-0.00875750746314305,39,0.0298430654736502,0.341175288751263,NA,NA,NA,NA,NA,0
0,0.05,0.02,FALSE,-0.00954495931541229,25,0.0298430654736502,0.341175288751263,NA,NA,NA,NA,NA,0
0.0025,0.05,0.02,FALSE,-0.00956068371964568,27,0.0298430654736502,0.341175288751263,NA,NA,NA,NA,NA,0
0.005,0.05,0.02,FALSE,-0.00957656695624505,27,0.0298430654736502,0.341175288751263,NA,NA,NA,NA,NA,0
0.01,0.05,0.02,FALSE,-0.00960881965097237,30,0.0298430654736502,0.341175288751263,NA,NA,NA,NA,NA,0
0.02,0.05,0.02,FALSE,-0.00967534083384745,36,0.0298430654736502,0.341175288751263,NA,NA,NA,NA,NA,0
0.05,0.05,0.02,FALSE,-0.00989264336457272,44,0.0298430654736502,0.341175288751263,NA,NA,NA,NA,NA,0
0,0,0.05,FALSE,-0.023538243136785,25,0.0298430654736502,0.341175288751263,NA,NA,NA,NA,NA,0
0.0025,0,0.05,FALSE,-0.0235701014390604,26,0.0298430654736502,0.341175288751263,NA,NA,NA,NA,NA,0
0.005,0,0.05,FALSE,-0.0236022815423689,26,0.0298430654736502,0.341175288751263,NA,NA,NA,NA,NA,0
0.01,0,0.05,FALSE,-0.0236676268541892,28,0.0298430654736502,0.341175288751263,NA,NA,NA,NA,NA,0
0.02,0,0.05,FALSE,-0.0238024015598186,36,0.0298430654736502,0.341175288751263,NA,NA,NA,NA,NA,0
0.05,0,0.05,FALSE,-0.024242665598208,39,0.0298430654736502,0.341175288751263,NA,NA,NA,NA,NA,0
0,0.0025,0.05,FALSE,-0.023691617114238,23,0.0298430654736502,0.341175288751263,NA,NA,NA,NA,NA,0
0.0025,0.0025,0.05,FALSE,-0.023723661062728,25,0.0298430654736502,0.341175288751263,NA,NA,NA,NA,NA,0
0.005,0.0025,0.05,FALSE,-0.0237560286874655,26,0.0298430654736502,0.341175288751263,NA,NA,NA,NA,NA,0
0.01,0.0025,0.05,FALSE,-0.0238217547825956,28,0.0298430654736502,0.341175288751263,NA,NA,NA,NA,NA,0
0.02,0.0025,0.05,FALSE,-0.0239573148538016,37,0.0298430654736502,0.341175288751263,NA,NA,NA,NA,NA,0
0.05,0.0025,0.05,FALSE,-0.0244001444197409,40,0.0298430654736502,0.341175288751263,NA,NA,NA,NA,NA,0
0,0.005,0.05,FALSE,-0.0238481211728635,25,0.0298430654736502,0.341175288751263,NA,NA,NA,NA,NA,0
0.0025,0.005,0.05,FALSE,-0.0238803545562665,26,0.0298430654736502,0.341175288751263,NA,NA,NA,NA,NA,0
0.005,0.005,0.05,FALSE,-0.0239129135294008,27,0.0298430654736502,0.341175288751263,NA,NA,NA,NA,NA,0
0.01,0.005,0.05,FALSE,-0.0239790281789287,29,0.0298430654736502,0.341175288751263,NA,NA,NA,NA,NA,0
0.02,0.005,0.05,FALSE,-0.0241153896435801,37,0.0298430654736502,0.341175288751263,NA,NA,NA,NA,NA,0
0.05,0.005,0.05,FALSE,-0.0245608370947744,40,0.0298430654736502,0.341175288751263,NA,NA,NA,NA,NA,0
0,0.01,0.05,FALSE,-0.0241709107937786,27,0.0298430654736502,0.341175288751263,NA,NA,NA,NA,NA,0
0.0025,0.01,0.05,FALSE,-0.0242035348866895,28,0.0298430654736502,0.341175288751263,NA,NA,NA,NA,NA,0
0.005,0.01,0.05,FALSE,-0.0242364885158924,29,0.0298430654736502,0.341175288751263,NA,NA,NA,NA,NA,0
0.01,0.01,0.05,FALSE,-0.0243034045588658,31,0.0298430654736502,0.341175288751263,NA,NA,NA,NA,NA,0
0.02,0.01,0.05,FALSE,-0.0244414188974983,38,0.0298430654736502,0.341175288751263,NA,NA,NA,NA,NA,0
0.05,0.01,0.05,FALSE,-0.0248922657370312,41,0.0298430654736502,0.341175288751263,NA,NA,NA,NA,NA,0
0,0.02,0.05,FALSE,-0.0248585930296411,26,0.0298430654736502,0.341175288751263,NA,NA,NA,NA,NA,0
0.0025,0.02,0.05,FALSE,-0.0248920495036776,27,0.0298430654736502,0.341175288751263,NA,NA,NA,NA,NA,0
0.005,0.02,0.05,FALSE,-0.0249258439218963,28,0.0298430654736502,0.341175288751263,NA,NA,NA,NA,NA,0
0.01,0.02,0.05,FALSE,-0.0249944672813403,30,0.0298430654736502,0.341175288751263,NA,NA,NA,NA,NA,0
0.02,0.02,0.05,FALSE,-0.0251360029601936,38,0.0298430654736502,0.341175288751263,NA,NA,NA,NA,NA,0
0.05,0.02,0.05,FALSE,-0.0255983528444478,40,0.0298430654736502,0.341175288751263,NA,NA,NA,NA,NA,0
0,0.05,0.05,FALSE,-0.0273342490787464,33,0.0298430654736502,0.341175288751263,NA,NA,NA,NA,NA,0
0.0025,0.05,0.05,FALSE,-0.0273707021248349,34,0.0298430654736502,0.341175288751263,NA,NA,NA,NA,NA,0
0.005,0.05,0.05,FALSE,-0.0274075233835101,36,0.0298430654736502,0.341175288751263,NA,NA,NA,NA,NA,0
0.01,0.05,0.05,FALSE,-0.0274822930822486,37,0.0298430654736502,0.341175288751263,NA,NA,NA,NA,NA,0
0.02,0.05,0.05,FALSE,-0.0276365055858968,44,0.0298430654736502,0.341175288751263,NA,NA,NA,NA,NA,0
0.05,0.05,0.05,FALSE,-0.0281402664311474,47,0.0298430654736502,0.341175288751263,NA,NA,NA,NA,NA,0
